00:10:52 | INFO: Data are loaded, start creating Blender stuff
00:10:52 | INFO: Blender create Mesh node agricultural-bank
00:10:52 | INFO: glTF import finished in 0.02s
00:10:53 | INFO: Data are loaded, start creating Blender stuff
00:10:53 | INFO: Blender create Mesh node asia-building
00:10:53 | INFO: glTF import finished in 0.06s
00:10:53 | INFO: Data are loaded, start creating Blender stuff
00:10:53 | INFO: Blender create Mesh node astor-house
00:10:53 | INFO: glTF import finished in 0.06s
00:10:53 | INFO: Data are loaded, start creating Blender stuff
00:10:53 | INFO: Blender create Mesh node aurora-plaza
00:10:53 | INFO: glTF import finished in 0.02s
00:10:53 | INFO: Data are loaded, start creating Blender stuff
00:10:53 | INFO: Blender create Mesh node bank-china-bund
00:10:53 | INFO: glTF import finished in 0.13s
00:10:53 | INFO: Data are loaded, start creating Blender stuff
00:10:53 | INFO: Blender create Mesh node bank-china-pudong
00:10:53 | INFO: glTF import finished in 0.01s
00:10:53 | INFO: Data are loaded, start creating Blender stuff
00:10:53 | INFO: Blender create Mesh node bank-communications-bund
00:10:53 | INFO: glTF import finished in 0.06s
00:10:53 | INFO: Data are loaded, start creating Blender stuff
00:10:53 | INFO: Blender create Mesh node bank-communications-pudong
00:10:53 | INFO: glTF import finished in 0.01s
00:10:53 | INFO: Data are loaded, start creating Blender stuff
00:10:53 | INFO: Blender create Mesh node bank-taiwan
00:10:53 | INFO: glTF import finished in 0.04s
00:10:53 | INFO: Data are loaded, start creating Blender stuff
00:10:53 | INFO: Blender create Mesh node banque-indochine
00:10:53 | INFO: glTF import finished in 0.03s
00:10:53 | INFO: Data are loaded, start creating Blender stuff
00:10:53 | INFO: Blender create Mesh node bfc-n2
00:10:53 | INFO: glTF import finished in 0.01s
00:10:53 | INFO: Data are loaded, start creating Blender stuff
00:10:53 | INFO: Blender create Mesh node bfc-north
00:10:53 | INFO: glTF import finished in 0.01s
00:10:54 | INFO: Data are loaded, start creating Blender stuff
00:10:54 | INFO: Blender create Mesh node bfc-s1
00:10:54 | INFO: glTF import finished in 0.01s
00:10:54 | INFO: Data are loaded, start creating Blender stuff
00:10:54 | INFO: Blender create Mesh node bfc-s2
00:10:54 | INFO: glTF import finished in 0.01s
00:10:54 | INFO: Data are loaded, start creating Blender stuff
00:10:54 | INFO: Blender create Mesh node bollard
00:10:54 | INFO: glTF import finished in 0.00s
00:10:54 | INFO: Data are loaded, start creating Blender stuff
00:10:54 | INFO: Blender create Mesh node british-consulate
00:10:54 | INFO: glTF import finished in 0.03s
00:10:54 | INFO: Data are loaded, start creating Blender stuff
00:10:54 | INFO: Blender create Mesh node broadway-mansions
00:10:54 | INFO: glTF import finished in 0.12s
00:10:54 | INFO: Data are loaded, start creating Blender stuff
00:10:54 | INFO: Blender create Mesh node bund-center
00:10:54 | INFO: glTF import finished in 0.01s
00:10:54 | INFO: Data are loaded, start creating Blender stuff
00:10:55 | INFO: Blender create Mesh node agricultural-bank
00:10:55 | INFO: Blender create Mesh node asia-building
00:10:55 | INFO: Blender create Mesh node astor-house
00:10:55 | INFO: Blender create Mesh node aurora-plaza
00:10:55 | INFO: Blender create Mesh node bank-china-bund
00:10:55 | INFO: Blender create Mesh node bank-china-pudong
00:10:55 | INFO: Blender create Mesh node bank-communications-bund
00:10:55 | INFO: Blender create Mesh node bank-communications-pudong
00:10:55 | INFO: Blender create Mesh node bank-taiwan
00:10:55 | INFO: Blender create Mesh node banque-indochine
00:10:55 | INFO: Blender create Mesh node bfc-n2
00:10:55 | INFO: Blender create Mesh node bfc-north
00:10:55 | INFO: Blender create Mesh node bfc-s1
00:10:55 | INFO: Blender create Mesh node bfc-s2
00:10:55 | INFO: Blender create Mesh node british-consulate
00:10:55 | INFO: Blender create Mesh node broadway-mansions
00:10:56 | INFO: Blender create Mesh node bund-center
00:10:56 | INFO: Blender create Mesh node capitol-building
00:10:56 | INFO: Blender create Mesh node chartered-bank
00:10:56 | INFO: Blender create Mesh node chen-yi-statue
00:10:56 | INFO: Blender create Mesh node china-insurance
00:10:56 | INFO: Blender create Mesh node china-merchants-steam
00:10:56 | INFO: Blender create Mesh node china-merchants-tower
00:10:56 | INFO: Blender create Mesh node china-shipbuilding
00:10:56 | INFO: Blender create Mesh node citigroup-tower
00:10:56 | INFO: Blender create Mesh node city-car
00:10:56 | INFO: Blender create Mesh node construction-bank
00:10:56 | INFO: Blender create Mesh node convention-center
00:10:56 | INFO: Blender create Mesh node customs-house
00:10:57 | INFO: Blender create Mesh node ferry-terminal
00:10:57 | INFO: Blender create Mesh node fosun-art-center
00:10:57 | INFO: Blender create Mesh node foxconn-building
00:10:57 | INFO: Blender create Mesh node garden-bridge
00:10:57 | INFO: Blender create Mesh node glen-line
00:10:57 | INFO: Blender create Mesh node great-northern-telegraph
00:10:58 | INFO: Blender create Mesh node hsbc-building
00:10:59 | INFO: Blender create Mesh node huangpu-cruise-boat
00:10:59 | INFO: Blender create Mesh node huangpu-suzhou-water
00:10:59 | INFO: Blender create Mesh node ifc-north
00:10:59 | INFO: Blender create Mesh node ifc-south
00:10:59 | INFO: Blender create Mesh node imperial-bank
00:10:59 | INFO: Blender create Mesh node jardine-matheson
00:10:59 | INFO: Blender create Mesh node jin-mao-tower
00:10:59 | INFO: Blender create Mesh node lyceum-building
00:10:59 | INFO: Blender create Mesh node metropole-hotel
00:10:59 | INFO: Blender create Mesh node museum-art-pudong
00:10:59 | INFO: Blender create Mesh node nissin-building
00:10:59 | INFO: Blender create Mesh node north-china-daily-news
00:11:00 | INFO: Blender create Mesh node ocean-aquarium
00:11:00 | INFO: Blender create Mesh node one-lujiazui
00:11:00 | INFO: Blender create Mesh node oriental-pearl
00:11:00 | INFO: Blender create Mesh node osm-relation-3898738
00:11:00 | INFO: Blender create Mesh node osm-relation-5496035
00:11:00 | INFO: Blender create Mesh node osm-relation-5496035.001
00:11:00 | INFO: Blender create Mesh node osm-relation-5664042
00:11:00 | INFO: Blender create Mesh node osm-relation-6651434
00:11:00 | INFO: Blender create Mesh node osm-relation-8477819
00:11:00 | INFO: Blender create Mesh node osm-relation-10284987
00:11:00 | INFO: Blender create Mesh node osm-relation-10556121
00:11:00 | INFO: Blender create Mesh node osm-relation-12402893
00:11:00 | INFO: Blender create Mesh node osm-relation-12871465
00:11:00 | INFO: Blender create Mesh node osm-relation-12871465.001
00:11:00 | INFO: Blender create Mesh node osm-relation-12871465.002
00:11:00 | INFO: Blender create Mesh node osm-relation-12871465.003
00:11:00 | INFO: Blender create Mesh node osm-relation-12871466
00:11:00 | INFO: Blender create Mesh node osm-relation-12871466.001
00:11:00 | INFO: Blender create Mesh node osm-relation-12871467
00:11:00 | INFO: Blender create Mesh node osm-relation-12871467.001
00:11:00 | INFO: Blender create Mesh node osm-relation-12871467.002
00:11:00 | INFO: Blender create Mesh node osm-relation-12871468
00:11:00 | INFO: Blender create Mesh node osm-relation-12871468.001
00:11:00 | INFO: Blender create Mesh node osm-relation-12871568
00:11:00 | INFO: Blender create Mesh node osm-relation-12871568.001
00:11:00 | INFO: Blender create Mesh node osm-relation-12876241
00:11:00 | INFO: Blender create Mesh node osm-relation-12876241.001
00:11:00 | INFO: Blender create Mesh node osm-relation-12876241.002
00:11:00 | INFO: Blender create Mesh node osm-relation-12876242
00:11:00 | INFO: Blender create Mesh node osm-relation-12876242.001
00:11:00 | INFO: Blender create Mesh node osm-relation-12876295
00:11:00 | INFO: Blender create Mesh node osm-relation-12876295.001
00:11:00 | INFO: Blender create Mesh node osm-relation-12876296
00:11:00 | INFO: Blender create Mesh node osm-relation-12876296.001
00:11:00 | INFO: Blender create Mesh node osm-relation-12882160
00:11:00 | INFO: Blender create Mesh node osm-relation-12882160.001
00:11:00 | INFO: Blender create Mesh node osm-relation-12894549
00:11:00 | INFO: Blender create Mesh node osm-relation-12894549.001
00:11:00 | INFO: Blender create Mesh node osm-relation-12894550
00:11:00 | INFO: Blender create Mesh node osm-relation-12894550.001
00:11:00 | INFO: Blender create Mesh node osm-relation-12894551
00:11:00 | INFO: Blender create Mesh node osm-relation-12894551.001
00:11:00 | INFO: Blender create Mesh node osm-relation-12894552
00:11:00 | INFO: Blender create Mesh node osm-relation-12894552.001
00:11:00 | INFO: Blender create Mesh node osm-relation-12894552.002
00:11:00 | INFO: Blender create Mesh node osm-relation-12898502
00:11:00 | INFO: Blender create Mesh node osm-relation-12898502.001
00:11:00 | INFO: Blender create Mesh node osm-relation-12898502.002
00:11:00 | INFO: Blender create Mesh node osm-relation-12899002
00:11:00 | INFO: Blender create Mesh node osm-relation-12899002.001
00:11:00 | INFO: Blender create Mesh node osm-relation-12899002.002
00:11:00 | INFO: Blender create Mesh node osm-relation-12899003
00:11:00 | INFO: Blender create Mesh node osm-relation-12899003.001
00:11:00 | INFO: Blender create Mesh node osm-relation-12910879
00:11:00 | INFO: Blender create Mesh node osm-relation-12910879.001
00:11:00 | INFO: Blender create Mesh node osm-relation-12910880
00:11:00 | INFO: Blender create Mesh node osm-relation-12910880.001
00:11:00 | INFO: Blender create Mesh node osm-relation-12910881
00:11:00 | INFO: Blender create Mesh node osm-relation-12910881.001
00:11:00 | INFO: Blender create Mesh node osm-relation-12910882
00:11:00 | INFO: Blender create Mesh node osm-relation-12910882.001
00:11:00 | INFO: Blender create Mesh node osm-relation-12910883
00:11:00 | INFO: Blender create Mesh node osm-relation-12910883.001
00:11:00 | INFO: Blender create Mesh node osm-relation-12910884
00:11:00 | INFO: Blender create Mesh node osm-relation-12910884.001
00:11:00 | INFO: Blender create Mesh node osm-relation-12914790
00:11:00 | INFO: Blender create Mesh node osm-relation-12914790.001
00:11:00 | INFO: Blender create Mesh node osm-relation-12918190
00:11:00 | INFO: Blender create Mesh node osm-relation-12918190.001
00:11:00 | INFO: Blender create Mesh node osm-relation-12918190.002
00:11:00 | INFO: Blender create Mesh node osm-relation-12918190.003
00:11:00 | INFO: Blender create Mesh node osm-relation-12918191
00:11:00 | INFO: Blender create Mesh node osm-relation-12918191.001
00:11:00 | INFO: Blender create Mesh node osm-relation-12918191.002
00:11:00 | INFO: Blender create Mesh node osm-relation-12918191.003
00:11:00 | INFO: Blender create Mesh node osm-relation-12918192
00:11:00 | INFO: Blender create Mesh node osm-relation-12918192.001
00:11:00 | INFO: Blender create Mesh node osm-relation-12918192.002
00:11:00 | INFO: Blender create Mesh node osm-relation-12918192.003
00:11:00 | INFO: Blender create Mesh node osm-relation-12966760
00:11:00 | INFO: Blender create Mesh node osm-relation-12966760.001
00:11:00 | INFO: Blender create Mesh node osm-relation-12966761
00:11:00 | INFO: Blender create Mesh node osm-relation-12966761.001
00:11:00 | INFO: Blender create Mesh node osm-relation-12967007
00:11:00 | INFO: Blender create Mesh node osm-relation-12967007.001
00:11:00 | INFO: Blender create Mesh node osm-relation-12967274
00:11:00 | INFO: Blender create Mesh node osm-relation-12967274.001
00:11:00 | INFO: Blender create Mesh node osm-relation-12967308
00:11:00 | INFO: Blender create Mesh node osm-relation-12967308.001
00:11:00 | INFO: Blender create Mesh node osm-relation-12967308.002
00:11:00 | INFO: Blender create Mesh node osm-relation-12980923
00:11:00 | INFO: Blender create Mesh node osm-relation-12980923.001
00:11:00 | INFO: Blender create Mesh node osm-relation-12980924
00:11:00 | INFO: Blender create Mesh node osm-relation-12980924.001
00:11:00 | INFO: Blender create Mesh node osm-relation-12981302
00:11:00 | INFO: Blender create Mesh node osm-relation-12981302.001
00:11:00 | INFO: Blender create Mesh node osm-relation-12981303
00:11:00 | INFO: Blender create Mesh node osm-relation-12981303.001
00:11:00 | INFO: Blender create Mesh node osm-relation-12981304
00:11:00 | INFO: Blender create Mesh node osm-relation-12981304.001
00:11:00 | INFO: Blender create Mesh node osm-relation-12981305
00:11:00 | INFO: Blender create Mesh node osm-relation-12981307
00:11:00 | INFO: Blender create Mesh node osm-relation-12981307.001
00:11:00 | INFO: Blender create Mesh node osm-relation-12981307.002
00:11:00 | INFO: Blender create Mesh node osm-relation-12981308
00:11:00 | INFO: Blender create Mesh node osm-relation-12981308.001
00:11:00 | INFO: Blender create Mesh node osm-relation-12981309
00:11:00 | INFO: Blender create Mesh node osm-relation-12981309.001
00:11:00 | INFO: Blender create Mesh node osm-relation-13024713
00:11:00 | INFO: Blender create Mesh node osm-relation-13024714
00:11:00 | INFO: Blender create Mesh node osm-relation-13024714.001
00:11:00 | INFO: Blender create Mesh node osm-relation-13024715
00:11:00 | INFO: Blender create Mesh node osm-relation-13024715.001
00:11:00 | INFO: Blender create Mesh node osm-relation-13024716
00:11:00 | INFO: Blender create Mesh node osm-relation-13024716.001
00:11:00 | INFO: Blender create Mesh node osm-relation-13024716.002
00:11:00 | INFO: Blender create Mesh node osm-relation-13024716.003
00:11:00 | INFO: Blender create Mesh node osm-relation-13024716.004
00:11:00 | INFO: Blender create Mesh node osm-relation-13024716.005
00:11:00 | INFO: Blender create Mesh node osm-relation-13024717
00:11:00 | INFO: Blender create Mesh node osm-relation-13024717.001
00:11:00 | INFO: Blender create Mesh node osm-relation-13024717.002
00:11:00 | INFO: Blender create Mesh node osm-relation-13024717.003
00:11:00 | INFO: Blender create Mesh node osm-relation-13024718
00:11:00 | INFO: Blender create Mesh node osm-relation-13024718.001
00:11:00 | INFO: Blender create Mesh node osm-relation-13024718.002
00:11:00 | INFO: Blender create Mesh node osm-relation-13024718.003
00:11:00 | INFO: Blender create Mesh node osm-relation-13024718.004
00:11:00 | INFO: Blender create Mesh node osm-relation-13024718.005
00:11:00 | INFO: Blender create Mesh node osm-relation-13024719
00:11:00 | INFO: Blender create Mesh node osm-relation-13024719.001
00:11:00 | INFO: Blender create Mesh node osm-relation-13024720
00:11:00 | INFO: Blender create Mesh node osm-relation-13024720.001
00:11:00 | INFO: Blender create Mesh node osm-relation-13024721
00:11:00 | INFO: Blender create Mesh node osm-relation-13024721.001
00:11:00 | INFO: Blender create Mesh node osm-relation-13042457
00:11:00 | INFO: Blender create Mesh node osm-relation-16151451
00:11:00 | INFO: Blender create Mesh node osm-relation-16196808
00:11:00 | INFO: Blender create Mesh node osm-relation-16213630
00:11:00 | INFO: Blender create Mesh node osm-relation-17625579
00:11:00 | INFO: Blender create Mesh node osm-relation-17818757
00:11:00 | INFO: Blender create Mesh node osm-relation-19420005
00:11:00 | INFO: Blender create Mesh node osm-relation-19420005.001
00:11:00 | INFO: Blender create Mesh node osm-relation-19571366
00:11:00 | INFO: Blender create Mesh node osm-relation-19571366.001
00:11:00 | INFO: Blender create Mesh node osm-relation-19571367
00:11:00 | INFO: Blender create Mesh node osm-relation-19571367.001
00:11:00 | INFO: Blender create Mesh node osm-relation-19572042
00:11:00 | INFO: Blender create Mesh node osm-relation-19572042.001
00:11:00 | INFO: Blender create Mesh node osm-relation-19600205
00:11:00 | INFO: Blender create Mesh node osm-relation-19600205.001
00:11:00 | INFO: Blender create Mesh node osm-relation-19600205.002
00:11:00 | INFO: Blender create Mesh node osm-relation-19600205.003
00:11:00 | INFO: Blender create Mesh node osm-relation-19600205.004
00:11:00 | INFO: Blender create Mesh node osm-relation-19600207
00:11:00 | INFO: Blender create Mesh node osm-relation-19600207.001
00:11:00 | INFO: Blender create Mesh node osm-relation-19600208
00:11:00 | INFO: Blender create Mesh node osm-relation-19600208.001
00:11:00 | INFO: Blender create Mesh node osm-relation-19600209
00:11:00 | INFO: Blender create Mesh node osm-relation-19600209.001
00:11:00 | INFO: Blender create Mesh node osm-relation-19600209.002
00:11:00 | INFO: Blender create Mesh node osm-relation-19600209.003
00:11:00 | INFO: Blender create Mesh node osm-relation-19600209.004
00:11:00 | INFO: Blender create Mesh node osm-relation-19600209.005
00:11:00 | INFO: Blender create Mesh node osm-relation-19600209.006
00:11:00 | INFO: Blender create Mesh node osm-relation-19600209.007
00:11:00 | INFO: Blender create Mesh node osm-relation-19600209.008
00:11:00 | INFO: Blender create Mesh node osm-relation-19600210
00:11:00 | INFO: Blender create Mesh node osm-relation-19600210.001
00:11:00 | INFO: Blender create Mesh node osm-relation-19600210.002
00:11:00 | INFO: Blender create Mesh node osm-relation-19600210.003
00:11:00 | INFO: Blender create Mesh node osm-relation-19600210.004
00:11:00 | INFO: Blender create Mesh node osm-relation-19600210.005
00:11:00 | INFO: Blender create Mesh node osm-relation-19600210.006
00:11:00 | INFO: Blender create Mesh node osm-relation-19600211
00:11:00 | INFO: Blender create Mesh node osm-relation-19600211.001
00:11:00 | INFO: Blender create Mesh node osm-relation-19600211.002
00:11:00 | INFO: Blender create Mesh node osm-relation-19600211.003
00:11:00 | INFO: Blender create Mesh node osm-relation-19600211.004
00:11:00 | INFO: Blender create Mesh node osm-relation-19600211.005
00:11:00 | INFO: Blender create Mesh node osm-relation-19600211.006
00:11:00 | INFO: Blender create Mesh node osm-relation-19601011
00:11:00 | INFO: Blender create Mesh node osm-relation-19601011.001
00:11:00 | INFO: Blender create Mesh node osm-relation-19601012
00:11:00 | INFO: Blender create Mesh node osm-relation-19601012.001
00:11:00 | INFO: Blender create Mesh node osm-relation-19601014
00:11:00 | INFO: Blender create Mesh node osm-relation-19601014.001
00:11:00 | INFO: Blender create Mesh node osm-relation-19601015
00:11:00 | INFO: Blender create Mesh node osm-relation-19601015.001
00:11:00 | INFO: Blender create Mesh node osm-relation-19601015.002
00:11:00 | INFO: Blender create Mesh node osm-way-10627378
00:11:00 | INFO: Blender create Mesh node osm-way-10639412
00:11:00 | INFO: Blender create Mesh node osm-way-11629977
00:11:00 | INFO: Blender create Mesh node osm-way-11636772
00:11:00 | INFO: Blender create Mesh node osm-way-11636786
00:11:00 | INFO: Blender create Mesh node osm-way-11636796
00:11:00 | INFO: Blender create Mesh node osm-way-40778736
00:11:00 | INFO: Blender create Mesh node osm-way-83133885
00:11:00 | INFO: Blender create Mesh node osm-way-113520430
00:11:00 | INFO: Blender create Mesh node osm-way-130396592
00:11:00 | INFO: Blender create Mesh node osm-way-142741996
00:11:00 | INFO: Blender create Mesh node osm-way-160033736
00:11:00 | INFO: Blender create Mesh node osm-way-160074074
00:11:00 | INFO: Blender create Mesh node osm-way-160074076
00:11:00 | INFO: Blender create Mesh node osm-way-160074079
00:11:00 | INFO: Blender create Mesh node osm-way-160074088
00:11:00 | INFO: Blender create Mesh node osm-way-160152533
00:11:00 | INFO: Blender create Mesh node osm-way-160165834
00:11:00 | INFO: Blender create Mesh node osm-way-160821059
00:11:00 | INFO: Blender create Mesh node osm-way-164903482
00:11:00 | INFO: Blender create Mesh node osm-way-164905211
00:11:00 | INFO: Blender create Mesh node osm-way-164959115
00:11:00 | INFO: Blender create Mesh node osm-way-164959120
00:11:00 | INFO: Blender create Mesh node osm-way-164959123
00:11:00 | INFO: Blender create Mesh node osm-way-164959124
00:11:00 | INFO: Blender create Mesh node osm-way-164959125
00:11:00 | INFO: Blender create Mesh node osm-way-164959129
00:11:00 | INFO: Blender create Mesh node osm-way-164971463
00:11:00 | INFO: Blender create Mesh node osm-way-164972435
00:11:00 | INFO: Blender create Mesh node osm-way-165166855
00:11:00 | INFO: Blender create Mesh node osm-way-165166856
00:11:00 | INFO: Blender create Mesh node osm-way-165166858
00:11:00 | INFO: Blender create Mesh node osm-way-165166866
00:11:00 | INFO: Blender create Mesh node osm-way-165166867
00:11:00 | INFO: Blender create Mesh node osm-way-165166871
00:11:00 | INFO: Blender create Mesh node osm-way-165166877
00:11:00 | INFO: Blender create Mesh node osm-way-165166878
00:11:00 | INFO: Blender create Mesh node osm-way-165166879
00:11:00 | INFO: Blender create Mesh node osm-way-165168090
00:11:00 | INFO: Blender create Mesh node osm-way-165168178
00:11:00 | INFO: Blender create Mesh node osm-way-165168179
00:11:00 | INFO: Blender create Mesh node osm-way-165168180
00:11:00 | INFO: Blender create Mesh node osm-way-165168430
00:11:00 | INFO: Blender create Mesh node osm-way-165168434
00:11:00 | INFO: Blender create Mesh node osm-way-165168438
00:11:00 | INFO: Blender create Mesh node osm-way-165791764
00:11:00 | INFO: Blender create Mesh node osm-way-165791765
00:11:00 | INFO: Blender create Mesh node osm-way-165985306
00:11:00 | INFO: Blender create Mesh node osm-way-165985308
00:11:00 | INFO: Blender create Mesh node osm-way-166110060
00:11:00 | INFO: Blender create Mesh node osm-way-166125926
00:11:00 | INFO: Blender create Mesh node osm-way-166125932
00:11:00 | INFO: Blender create Mesh node osm-way-166126955
00:11:00 | INFO: Blender create Mesh node osm-way-166328192
00:11:00 | INFO: Blender create Mesh node osm-way-166544770
00:11:00 | INFO: Blender create Mesh node osm-way-166545281
00:11:00 | INFO: Blender create Mesh node osm-way-167049144
00:11:00 | INFO: Blender create Mesh node osm-way-167061959
00:11:00 | INFO: Blender create Mesh node osm-way-177599329
00:11:00 | INFO: Blender create Mesh node osm-way-177600012
00:11:00 | INFO: Blender create Mesh node osm-way-177600014
00:11:00 | INFO: Blender create Mesh node osm-way-177600015
00:11:00 | INFO: Blender create Mesh node osm-way-177714724
00:11:00 | INFO: Blender create Mesh node osm-way-177714739
00:11:00 | INFO: Blender create Mesh node osm-way-177928803
00:11:00 | INFO: Blender create Mesh node osm-way-177929845
00:11:00 | INFO: Blender create Mesh node osm-way-177930863
00:11:00 | INFO: Blender create Mesh node osm-way-177998983
00:11:00 | INFO: Blender create Mesh node osm-way-177998984
00:11:00 | INFO: Blender create Mesh node osm-way-177998988
00:11:00 | INFO: Blender create Mesh node osm-way-177998989
00:11:00 | INFO: Blender create Mesh node osm-way-178405874
00:11:00 | INFO: Blender create Mesh node osm-way-178406075
00:11:00 | INFO: Blender create Mesh node osm-way-178410324
00:11:00 | INFO: Blender create Mesh node osm-way-178564468
00:11:00 | INFO: Blender create Mesh node osm-way-185831247
00:11:00 | INFO: Blender create Mesh node osm-way-189037696
00:11:00 | INFO: Blender create Mesh node osm-way-189577223
00:11:00 | INFO: Blender create Mesh node osm-way-198407280
00:11:00 | INFO: Blender create Mesh node osm-way-198407281
00:11:00 | INFO: Blender create Mesh node osm-way-206160228
00:11:00 | INFO: Blender create Mesh node osm-way-228035329
00:11:00 | INFO: Blender create Mesh node osm-way-228035331
00:11:00 | INFO: Blender create Mesh node osm-way-228035332
00:11:00 | INFO: Blender create Mesh node osm-way-228035335
00:11:00 | INFO: Blender create Mesh node osm-way-228035340
00:11:00 | INFO: Blender create Mesh node osm-way-228035345
00:11:00 | INFO: Blender create Mesh node osm-way-248876130
00:11:00 | INFO: Blender create Mesh node osm-way-250067019
00:11:00 | INFO: Blender create Mesh node osm-way-255624910
00:11:00 | INFO: Blender create Mesh node osm-way-263368287
00:11:00 | INFO: Blender create Mesh node osm-way-275414171
00:11:00 | INFO: Blender create Mesh node osm-way-292718776
00:11:00 | INFO: Blender create Mesh node osm-way-292718777
00:11:00 | INFO: Blender create Mesh node osm-way-292718778
00:11:00 | INFO: Blender create Mesh node osm-way-292818816
00:11:00 | INFO: Blender create Mesh node osm-way-292818817
00:11:00 | INFO: Blender create Mesh node osm-way-293400230
00:11:00 | INFO: Blender create Mesh node osm-way-293400231
00:11:00 | INFO: Blender create Mesh node osm-way-293504472
00:11:00 | INFO: Blender create Mesh node osm-way-293504473
00:11:00 | INFO: Blender create Mesh node osm-way-293504474
00:11:00 | INFO: Blender create Mesh node osm-way-293504476
00:11:00 | INFO: Blender create Mesh node osm-way-293504479
00:11:00 | INFO: Blender create Mesh node osm-way-293504482
00:11:00 | INFO: Blender create Mesh node osm-way-293504483
00:11:00 | INFO: Blender create Mesh node osm-way-293504485
00:11:00 | INFO: Blender create Mesh node osm-way-293504490
00:11:00 | INFO: Blender create Mesh node osm-way-293504491
00:11:00 | INFO: Blender create Mesh node osm-way-293504498
00:11:00 | INFO: Blender create Mesh node osm-way-293504499
00:11:00 | INFO: Blender create Mesh node osm-way-293563945
00:11:01 | INFO: Blender create Mesh node osm-way-293563946
00:11:01 | INFO: Blender create Mesh node osm-way-293563947
00:11:01 | INFO: Blender create Mesh node osm-way-293563951
00:11:01 | INFO: Blender create Mesh node osm-way-293563952
00:11:01 | INFO: Blender create Mesh node osm-way-293563953
00:11:01 | INFO: Blender create Mesh node osm-way-297827876
00:11:01 | INFO: Blender create Mesh node osm-way-297827877
00:11:01 | INFO: Blender create Mesh node osm-way-297827878
00:11:01 | INFO: Blender create Mesh node osm-way-297827879
00:11:01 | INFO: Blender create Mesh node osm-way-300054522
00:11:01 | INFO: Blender create Mesh node osm-way-300054532
00:11:01 | INFO: Blender create Mesh node osm-way-300054655
00:11:01 | INFO: Blender create Mesh node osm-way-300480894
00:11:01 | INFO: Blender create Mesh node osm-way-300481519
00:11:01 | INFO: Blender create Mesh node osm-way-303313597
00:11:01 | INFO: Blender create Mesh node osm-way-303313598
00:11:01 | INFO: Blender create Mesh node osm-way-303313599
00:11:01 | INFO: Blender create Mesh node osm-way-303313600
00:11:01 | INFO: Blender create Mesh node osm-way-303313601
00:11:01 | INFO: Blender create Mesh node osm-way-303313602
00:11:01 | INFO: Blender create Mesh node osm-way-303313603
00:11:01 | INFO: Blender create Mesh node osm-way-303314584
00:11:01 | INFO: Blender create Mesh node osm-way-303314587
00:11:01 | INFO: Blender create Mesh node osm-way-307126048
00:11:01 | INFO: Blender create Mesh node osm-way-307126049
00:11:01 | INFO: Blender create Mesh node osm-way-307911305
00:11:01 | INFO: Blender create Mesh node osm-way-307917289
00:11:01 | INFO: Blender create Mesh node osm-way-307917290
00:11:01 | INFO: Blender create Mesh node osm-way-311064998
00:11:01 | INFO: Blender create Mesh node osm-way-311064999
00:11:01 | INFO: Blender create Mesh node osm-way-320908499
00:11:01 | INFO: Blender create Mesh node osm-way-325227693
00:11:01 | INFO: Blender create Mesh node osm-way-325227694
00:11:01 | INFO: Blender create Mesh node osm-way-325227695
00:11:01 | INFO: Blender create Mesh node osm-way-326196925
00:11:01 | INFO: Blender create Mesh node osm-way-369237836
00:11:01 | INFO: Blender create Mesh node osm-way-369237839
00:11:01 | INFO: Blender create Mesh node osm-way-369237850
00:11:01 | INFO: Blender create Mesh node osm-way-369237871
00:11:01 | INFO: Blender create Mesh node osm-way-369237884
00:11:01 | INFO: Blender create Mesh node osm-way-369237894
00:11:01 | INFO: Blender create Mesh node osm-way-369237901
00:11:01 | INFO: Blender create Mesh node osm-way-369237910
00:11:01 | INFO: Blender create Mesh node osm-way-369237916
00:11:01 | INFO: Blender create Mesh node osm-way-369237931
00:11:01 | INFO: Blender create Mesh node osm-way-369237934
00:11:01 | INFO: Blender create Mesh node osm-way-369237966
00:11:01 | INFO: Blender create Mesh node osm-way-369237982
00:11:01 | INFO: Blender create Mesh node osm-way-369237987
00:11:01 | INFO: Blender create Mesh node osm-way-369237988
00:11:01 | INFO: Blender create Mesh node osm-way-369238001
00:11:01 | INFO: Blender create Mesh node osm-way-369238006
00:11:01 | INFO: Blender create Mesh node osm-way-369238010
00:11:01 | INFO: Blender create Mesh node osm-way-369238015
00:11:01 | INFO: Blender create Mesh node osm-way-369549406
00:11:01 | INFO: Blender create Mesh node osm-way-369549452
00:11:01 | INFO: Blender create Mesh node osm-way-369819131
00:11:01 | INFO: Blender create Mesh node osm-way-372180483
00:11:01 | INFO: Blender create Mesh node osm-way-375966620
00:11:01 | INFO: Blender create Mesh node osm-way-378107080
00:11:01 | INFO: Blender create Mesh node osm-way-378107081
00:11:01 | INFO: Blender create Mesh node osm-way-378107083
00:11:01 | INFO: Blender create Mesh node osm-way-378107084
00:11:01 | INFO: Blender create Mesh node osm-way-378107089
00:11:01 | INFO: Blender create Mesh node osm-way-378107090
00:11:01 | INFO: Blender create Mesh node osm-way-378107091
00:11:01 | INFO: Blender create Mesh node osm-way-378107093
00:11:01 | INFO: Blender create Mesh node osm-way-378107094
00:11:01 | INFO: Blender create Mesh node osm-way-378107095
00:11:01 | INFO: Blender create Mesh node osm-way-378107096
00:11:01 | INFO: Blender create Mesh node osm-way-378107098
00:11:01 | INFO: Blender create Mesh node osm-way-378107099
00:11:01 | INFO: Blender create Mesh node osm-way-378107100
00:11:01 | INFO: Blender create Mesh node osm-way-378107101
00:11:01 | INFO: Blender create Mesh node osm-way-378107102
00:11:01 | INFO: Blender create Mesh node osm-way-378107103
00:11:01 | INFO: Blender create Mesh node osm-way-378107106
00:11:01 | INFO: Blender create Mesh node osm-way-378107107
00:11:01 | INFO: Blender create Mesh node osm-way-378107108
00:11:01 | INFO: Blender create Mesh node osm-way-378107111
00:11:01 | INFO: Blender create Mesh node osm-way-378107112
00:11:01 | INFO: Blender create Mesh node osm-way-378107114
00:11:01 | INFO: Blender create Mesh node osm-way-378107115
00:11:01 | INFO: Blender create Mesh node osm-way-378107117
00:11:01 | INFO: Blender create Mesh node osm-way-378107118
00:11:01 | INFO: Blender create Mesh node osm-way-378107119
00:11:01 | INFO: Blender create Mesh node osm-way-378107120
00:11:01 | INFO: Blender create Mesh node osm-way-378107122
00:11:01 | INFO: Blender create Mesh node osm-way-378107123
00:11:01 | INFO: Blender create Mesh node osm-way-378107124
00:11:01 | INFO: Blender create Mesh node osm-way-378107125
00:11:01 | INFO: Blender create Mesh node osm-way-378107126
00:11:01 | INFO: Blender create Mesh node osm-way-378107127
00:11:01 | INFO: Blender create Mesh node osm-way-378107129
00:11:01 | INFO: Blender create Mesh node osm-way-378107132
00:11:01 | INFO: Blender create Mesh node osm-way-378107135
00:11:01 | INFO: Blender create Mesh node osm-way-378107138
00:11:01 | INFO: Blender create Mesh node osm-way-378107139
00:11:01 | INFO: Blender create Mesh node osm-way-378107140
00:11:01 | INFO: Blender create Mesh node osm-way-378107142
00:11:01 | INFO: Blender create Mesh node osm-way-378107145
00:11:01 | INFO: Blender create Mesh node osm-way-378107146
00:11:01 | INFO: Blender create Mesh node osm-way-378107147
00:11:01 | INFO: Blender create Mesh node osm-way-378107148
00:11:01 | INFO: Blender create Mesh node osm-way-378107150
00:11:01 | INFO: Blender create Mesh node osm-way-378107152
00:11:01 | INFO: Blender create Mesh node osm-way-378107157
00:11:01 | INFO: Blender create Mesh node osm-way-378107158
00:11:01 | INFO: Blender create Mesh node osm-way-378107163
00:11:01 | INFO: Blender create Mesh node osm-way-378107164
00:11:01 | INFO: Blender create Mesh node osm-way-378107165
00:11:01 | INFO: Blender create Mesh node osm-way-378107166
00:11:01 | INFO: Blender create Mesh node osm-way-378107167
00:11:01 | INFO: Blender create Mesh node osm-way-378107169
00:11:01 | INFO: Blender create Mesh node osm-way-378107170
00:11:01 | INFO: Blender create Mesh node osm-way-378107171
00:11:01 | INFO: Blender create Mesh node osm-way-378107172
00:11:01 | INFO: Blender create Mesh node osm-way-378107173
00:11:01 | INFO: Blender create Mesh node osm-way-378107176
00:11:01 | INFO: Blender create Mesh node osm-way-378107178
00:11:01 | INFO: Blender create Mesh node osm-way-378107179
00:11:01 | INFO: Blender create Mesh node osm-way-378107180
00:11:01 | INFO: Blender create Mesh node osm-way-378107181
00:11:01 | INFO: Blender create Mesh node osm-way-378107182
00:11:01 | INFO: Blender create Mesh node osm-way-378107183
00:11:01 | INFO: Blender create Mesh node osm-way-378107184
00:11:01 | INFO: Blender create Mesh node osm-way-378107185
00:11:01 | INFO: Blender create Mesh node osm-way-378107186
00:11:01 | INFO: Blender create Mesh node osm-way-378107187
00:11:01 | INFO: Blender create Mesh node osm-way-378107192
00:11:01 | INFO: Blender create Mesh node osm-way-378107193
00:11:01 | INFO: Blender create Mesh node osm-way-378107194
00:11:01 | INFO: Blender create Mesh node osm-way-378107197
00:11:01 | INFO: Blender create Mesh node osm-way-378107199
00:11:01 | INFO: Blender create Mesh node osm-way-378107200
00:11:01 | INFO: Blender create Mesh node osm-way-378107204
00:11:01 | INFO: Blender create Mesh node osm-way-378107207
00:11:01 | INFO: Blender create Mesh node osm-way-378107210
00:11:01 | INFO: Blender create Mesh node osm-way-378107211
00:11:01 | INFO: Blender create Mesh node osm-way-378107212
00:11:01 | INFO: Blender create Mesh node osm-way-378107213
00:11:01 | INFO: Blender create Mesh node osm-way-378107214
00:11:01 | INFO: Blender create Mesh node osm-way-378107215
00:11:01 | INFO: Blender create Mesh node osm-way-378107217
00:11:01 | INFO: Blender create Mesh node osm-way-378107219
00:11:01 | INFO: Blender create Mesh node osm-way-378107220
00:11:01 | INFO: Blender create Mesh node osm-way-378107221
00:11:01 | INFO: Blender create Mesh node osm-way-378107223
00:11:01 | INFO: Blender create Mesh node osm-way-378107226
00:11:01 | INFO: Blender create Mesh node osm-way-378107228
00:11:01 | INFO: Blender create Mesh node osm-way-378107230
00:11:01 | INFO: Blender create Mesh node osm-way-378107231
00:11:01 | INFO: Blender create Mesh node osm-way-378107234
00:11:01 | INFO: Blender create Mesh node osm-way-378107235
00:11:01 | INFO: Blender create Mesh node osm-way-378107236
00:11:01 | INFO: Blender create Mesh node osm-way-378107238
00:11:01 | INFO: Blender create Mesh node osm-way-378107241
00:11:01 | INFO: Blender create Mesh node osm-way-378107242
00:11:01 | INFO: Blender create Mesh node osm-way-378107245
00:11:01 | INFO: Blender create Mesh node osm-way-378107247
00:11:01 | INFO: Blender create Mesh node osm-way-378107249
00:11:01 | INFO: Blender create Mesh node osm-way-378107251
00:11:01 | INFO: Blender create Mesh node osm-way-378107253
00:11:01 | INFO: Blender create Mesh node osm-way-380339826
00:11:01 | INFO: Blender create Mesh node osm-way-380339829
00:11:01 | INFO: Blender create Mesh node osm-way-380339830
00:11:01 | INFO: Blender create Mesh node osm-way-380339831
00:11:01 | INFO: Blender create Mesh node osm-way-380339832
00:11:01 | INFO: Blender create Mesh node osm-way-380339835
00:11:01 | INFO: Blender create Mesh node osm-way-380339836
00:11:01 | INFO: Blender create Mesh node osm-way-380339837
00:11:01 | INFO: Blender create Mesh node osm-way-380339839
00:11:01 | INFO: Blender create Mesh node osm-way-380339841
00:11:01 | INFO: Blender create Mesh node osm-way-380339843
00:11:01 | INFO: Blender create Mesh node osm-way-380339844
00:11:01 | INFO: Blender create Mesh node osm-way-380339845
00:11:01 | INFO: Blender create Mesh node osm-way-380339846
00:11:01 | INFO: Blender create Mesh node osm-way-380339847
00:11:01 | INFO: Blender create Mesh node osm-way-380339849
00:11:01 | INFO: Blender create Mesh node osm-way-380339850
00:11:01 | INFO: Blender create Mesh node osm-way-380339851
00:11:01 | INFO: Blender create Mesh node osm-way-380339852
00:11:01 | INFO: Blender create Mesh node osm-way-380339854
00:11:01 | INFO: Blender create Mesh node osm-way-380339857
00:11:01 | INFO: Blender create Mesh node osm-way-380339859
00:11:01 | INFO: Blender create Mesh node osm-way-380339860
00:11:01 | INFO: Blender create Mesh node osm-way-380339861
00:11:01 | INFO: Blender create Mesh node osm-way-380339862
00:11:01 | INFO: Blender create Mesh node osm-way-380339863
00:11:01 | INFO: Blender create Mesh node osm-way-380339864
00:11:01 | INFO: Blender create Mesh node osm-way-380339869
00:11:01 | INFO: Blender create Mesh node osm-way-380339870
00:11:01 | INFO: Blender create Mesh node osm-way-380339871
00:11:01 | INFO: Blender create Mesh node osm-way-380339872
00:11:01 | INFO: Blender create Mesh node osm-way-380339874
00:11:01 | INFO: Blender create Mesh node osm-way-380339876
00:11:01 | INFO: Blender create Mesh node osm-way-380339877
00:11:01 | INFO: Blender create Mesh node osm-way-380339881
00:11:01 | INFO: Blender create Mesh node osm-way-380339883
00:11:01 | INFO: Blender create Mesh node osm-way-380339884
00:11:01 | INFO: Blender create Mesh node osm-way-380339885
00:11:01 | INFO: Blender create Mesh node osm-way-380339888
00:11:01 | INFO: Blender create Mesh node osm-way-380339889
00:11:01 | INFO: Blender create Mesh node osm-way-380339890
00:11:01 | INFO: Blender create Mesh node osm-way-380339891
00:11:01 | INFO: Blender create Mesh node osm-way-380339892
00:11:01 | INFO: Blender create Mesh node osm-way-380339893
00:11:01 | INFO: Blender create Mesh node osm-way-380339894
00:11:01 | INFO: Blender create Mesh node osm-way-380339895
00:11:01 | INFO: Blender create Mesh node osm-way-380339897
00:11:01 | INFO: Blender create Mesh node osm-way-380339899
00:11:01 | INFO: Blender create Mesh node osm-way-380339900
00:11:01 | INFO: Blender create Mesh node osm-way-380339902
00:11:01 | INFO: Blender create Mesh node osm-way-380339903
00:11:01 | INFO: Blender create Mesh node osm-way-380339907
00:11:01 | INFO: Blender create Mesh node osm-way-380339909
00:11:01 | INFO: Blender create Mesh node osm-way-380339910
00:11:01 | INFO: Blender create Mesh node osm-way-380339914
00:11:01 | INFO: Blender create Mesh node osm-way-380339915
00:11:01 | INFO: Blender create Mesh node osm-way-380339916
00:11:01 | INFO: Blender create Mesh node osm-way-380339917
00:11:01 | INFO: Blender create Mesh node osm-way-380339920
00:11:01 | INFO: Blender create Mesh node osm-way-380339924
00:11:01 | INFO: Blender create Mesh node osm-way-380339925
00:11:01 | INFO: Blender create Mesh node osm-way-380339926
00:11:01 | INFO: Blender create Mesh node osm-way-380339927
00:11:01 | INFO: Blender create Mesh node osm-way-380339930
00:11:01 | INFO: Blender create Mesh node osm-way-380339931
00:11:01 | INFO: Blender create Mesh node osm-way-380339941
00:11:01 | INFO: Blender create Mesh node osm-way-380339944
00:11:01 | INFO: Blender create Mesh node osm-way-380339946
00:11:01 | INFO: Blender create Mesh node osm-way-380339953
00:11:01 | INFO: Blender create Mesh node osm-way-380339956
00:11:01 | INFO: Blender create Mesh node osm-way-380339958
00:11:01 | INFO: Blender create Mesh node osm-way-380339960
00:11:01 | INFO: Blender create Mesh node osm-way-380339961
00:11:01 | INFO: Blender create Mesh node osm-way-380339962
00:11:01 | INFO: Blender create Mesh node osm-way-380339965
00:11:01 | INFO: Blender create Mesh node osm-way-380339966
00:11:01 | INFO: Blender create Mesh node osm-way-380339969
00:11:01 | INFO: Blender create Mesh node osm-way-380339970
00:11:01 | INFO: Blender create Mesh node osm-way-380339971
00:11:01 | INFO: Blender create Mesh node osm-way-380339972
00:11:01 | INFO: Blender create Mesh node osm-way-380339973
00:11:01 | INFO: Blender create Mesh node osm-way-380339974
00:11:01 | INFO: Blender create Mesh node osm-way-380339976
00:11:01 | INFO: Blender create Mesh node osm-way-380339977
00:11:01 | INFO: Blender create Mesh node osm-way-380339980
00:11:01 | INFO: Blender create Mesh node osm-way-380339983
00:11:01 | INFO: Blender create Mesh node osm-way-380339984
00:11:01 | INFO: Blender create Mesh node osm-way-380339987
00:11:01 | INFO: Blender create Mesh node osm-way-380339988
00:11:01 | INFO: Blender create Mesh node osm-way-380339991
00:11:01 | INFO: Blender create Mesh node osm-way-380339993
00:11:01 | INFO: Blender create Mesh node osm-way-380339997
00:11:01 | INFO: Blender create Mesh node osm-way-380339998
00:11:01 | INFO: Blender create Mesh node osm-way-380339999
00:11:01 | INFO: Blender create Mesh node osm-way-380340000
00:11:01 | INFO: Blender create Mesh node osm-way-380340001
00:11:01 | INFO: Blender create Mesh node osm-way-380340003
00:11:01 | INFO: Blender create Mesh node osm-way-380340008
00:11:01 | INFO: Blender create Mesh node osm-way-380340010
00:11:01 | INFO: Blender create Mesh node osm-way-380340011
00:11:01 | INFO: Blender create Mesh node osm-way-380340012
00:11:01 | INFO: Blender create Mesh node osm-way-380340014
00:11:01 | INFO: Blender create Mesh node osm-way-380340015
00:11:01 | INFO: Blender create Mesh node osm-way-380340017
00:11:01 | INFO: Blender create Mesh node osm-way-380340019
00:11:01 | INFO: Blender create Mesh node osm-way-380340021
00:11:01 | INFO: Blender create Mesh node osm-way-380340022
00:11:01 | INFO: Blender create Mesh node osm-way-380340023
00:11:01 | INFO: Blender create Mesh node osm-way-380340024
00:11:01 | INFO: Blender create Mesh node osm-way-380340025
00:11:01 | INFO: Blender create Mesh node osm-way-380340026
00:11:01 | INFO: Blender create Mesh node osm-way-380340029
00:11:01 | INFO: Blender create Mesh node osm-way-380340030
00:11:01 | INFO: Blender create Mesh node osm-way-380340032
00:11:01 | INFO: Blender create Mesh node osm-way-389701788
00:11:01 | INFO: Blender create Mesh node osm-way-389701798
00:11:01 | INFO: Blender create Mesh node osm-way-389701804
00:11:01 | INFO: Blender create Mesh node osm-way-389701810
00:11:01 | INFO: Blender create Mesh node osm-way-389701812
00:11:01 | INFO: Blender create Mesh node osm-way-389701814
00:11:01 | INFO: Blender create Mesh node osm-way-389701816
00:11:01 | INFO: Blender create Mesh node osm-way-389701866
00:11:01 | INFO: Blender create Mesh node osm-way-389701870
00:11:01 | INFO: Blender create Mesh node osm-way-389701871
00:11:01 | INFO: Blender create Mesh node osm-way-389701873
00:11:01 | INFO: Blender create Mesh node osm-way-389701874
00:11:01 | INFO: Blender create Mesh node osm-way-389701879
00:11:01 | INFO: Blender create Mesh node osm-way-389701893
00:11:01 | INFO: Blender create Mesh node osm-way-389701896
00:11:01 | INFO: Blender create Mesh node osm-way-389701901
00:11:01 | INFO: Blender create Mesh node osm-way-389701903
00:11:01 | INFO: Blender create Mesh node osm-way-389701904
00:11:01 | INFO: Blender create Mesh node osm-way-389701905
00:11:01 | INFO: Blender create Mesh node osm-way-389701906
00:11:01 | INFO: Blender create Mesh node osm-way-389701908
00:11:01 | INFO: Blender create Mesh node osm-way-389701910
00:11:01 | INFO: Blender create Mesh node osm-way-389701919
00:11:01 | INFO: Blender create Mesh node osm-way-389701920
00:11:01 | INFO: Blender create Mesh node osm-way-389701922
00:11:01 | INFO: Blender create Mesh node osm-way-389701924
00:11:01 | INFO: Blender create Mesh node osm-way-389701925
00:11:01 | INFO: Blender create Mesh node osm-way-389701934
00:11:01 | INFO: Blender create Mesh node osm-way-389701935
00:11:01 | INFO: Blender create Mesh node osm-way-389701938
00:11:01 | INFO: Blender create Mesh node osm-way-389701941
00:11:01 | INFO: Blender create Mesh node osm-way-389701946
00:11:01 | INFO: Blender create Mesh node osm-way-389701948
00:11:01 | INFO: Blender create Mesh node osm-way-389701951
00:11:01 | INFO: Blender create Mesh node osm-way-389701954
00:11:01 | INFO: Blender create Mesh node osm-way-389701956
00:11:01 | INFO: Blender create Mesh node osm-way-389701958
00:11:01 | INFO: Blender create Mesh node osm-way-389701964
00:11:01 | INFO: Blender create Mesh node osm-way-389701966
00:11:01 | INFO: Blender create Mesh node osm-way-389701971
00:11:01 | INFO: Blender create Mesh node osm-way-389701973
00:11:01 | INFO: Blender create Mesh node osm-way-389701974
00:11:01 | INFO: Blender create Mesh node osm-way-389701979
00:11:01 | INFO: Blender create Mesh node osm-way-389701987
00:11:01 | INFO: Blender create Mesh node osm-way-389701990
00:11:01 | INFO: Blender create Mesh node osm-way-389701999
00:11:01 | INFO: Blender create Mesh node osm-way-389702002
00:11:01 | INFO: Blender create Mesh node osm-way-389702008
00:11:01 | INFO: Blender create Mesh node osm-way-389702014
00:11:01 | INFO: Blender create Mesh node osm-way-389702015
00:11:01 | INFO: Blender create Mesh node osm-way-389702016
00:11:01 | INFO: Blender create Mesh node osm-way-389702018
00:11:01 | INFO: Blender create Mesh node osm-way-389702027
00:11:01 | INFO: Blender create Mesh node osm-way-389702030
00:11:01 | INFO: Blender create Mesh node osm-way-389702033
00:11:01 | INFO: Blender create Mesh node osm-way-389702034
00:11:01 | INFO: Blender create Mesh node osm-way-389702035
00:11:01 | INFO: Blender create Mesh node osm-way-389702037
00:11:01 | INFO: Blender create Mesh node osm-way-389702039
00:11:01 | INFO: Blender create Mesh node osm-way-389702046
00:11:01 | INFO: Blender create Mesh node osm-way-389702049
00:11:01 | INFO: Blender create Mesh node osm-way-389702055
00:11:01 | INFO: Blender create Mesh node osm-way-389702059
00:11:01 | INFO: Blender create Mesh node osm-way-389702061
00:11:01 | INFO: Blender create Mesh node osm-way-389702071
00:11:01 | INFO: Blender create Mesh node osm-way-389702074
00:11:01 | INFO: Blender create Mesh node osm-way-389702081
00:11:01 | INFO: Blender create Mesh node osm-way-389702083
00:11:01 | INFO: Blender create Mesh node osm-way-389702086
00:11:01 | INFO: Blender create Mesh node osm-way-389702090
00:11:01 | INFO: Blender create Mesh node osm-way-389702092
00:11:01 | INFO: Blender create Mesh node osm-way-389702097
00:11:01 | INFO: Blender create Mesh node osm-way-389702099
00:11:01 | INFO: Blender create Mesh node osm-way-405326599
00:11:01 | INFO: Blender create Mesh node osm-way-408450629
00:11:01 | INFO: Blender create Mesh node osm-way-408450634
00:11:01 | INFO: Blender create Mesh node osm-way-408450636
00:11:01 | INFO: Blender create Mesh node osm-way-408450646
00:11:01 | INFO: Blender create Mesh node osm-way-408450647
00:11:01 | INFO: Blender create Mesh node osm-way-408450650
00:11:01 | INFO: Blender create Mesh node osm-way-408450652
00:11:01 | INFO: Blender create Mesh node osm-way-408450653
00:11:01 | INFO: Blender create Mesh node osm-way-408450660
00:11:01 | INFO: Blender create Mesh node osm-way-408450665
00:11:01 | INFO: Blender create Mesh node osm-way-408450668
00:11:01 | INFO: Blender create Mesh node osm-way-408450669
00:11:01 | INFO: Blender create Mesh node osm-way-408450670
00:11:01 | INFO: Blender create Mesh node osm-way-408450677
00:11:01 | INFO: Blender create Mesh node osm-way-408450678
00:11:01 | INFO: Blender create Mesh node osm-way-408450681
00:11:01 | INFO: Blender create Mesh node osm-way-408450682
00:11:01 | INFO: Blender create Mesh node osm-way-408450685
00:11:01 | INFO: Blender create Mesh node osm-way-408450689
00:11:01 | INFO: Blender create Mesh node osm-way-408450694
00:11:01 | INFO: Blender create Mesh node osm-way-408450696
00:11:01 | INFO: Blender create Mesh node osm-way-408450698
00:11:01 | INFO: Blender create Mesh node osm-way-408450708
00:11:01 | INFO: Blender create Mesh node osm-way-408450709
00:11:01 | INFO: Blender create Mesh node osm-way-408450711
00:11:01 | INFO: Blender create Mesh node osm-way-408450715
00:11:01 | INFO: Blender create Mesh node osm-way-408450718
00:11:01 | INFO: Blender create Mesh node osm-way-408450721
00:11:01 | INFO: Blender create Mesh node osm-way-408450722
00:11:01 | INFO: Blender create Mesh node osm-way-408450723
00:11:01 | INFO: Blender create Mesh node osm-way-408450724
00:11:01 | INFO: Blender create Mesh node osm-way-408450728
00:11:01 | INFO: Blender create Mesh node osm-way-408450734
00:11:01 | INFO: Blender create Mesh node osm-way-408450735
00:11:01 | INFO: Blender create Mesh node osm-way-408450738
00:11:01 | INFO: Blender create Mesh node osm-way-408450747
00:11:01 | INFO: Blender create Mesh node osm-way-408450748
00:11:01 | INFO: Blender create Mesh node osm-way-408450753
00:11:01 | INFO: Blender create Mesh node osm-way-408450754
00:11:01 | INFO: Blender create Mesh node osm-way-408450761
00:11:01 | INFO: Blender create Mesh node osm-way-408450767
00:11:01 | INFO: Blender create Mesh node osm-way-408450768
00:11:01 | INFO: Blender create Mesh node osm-way-408450780
00:11:01 | INFO: Blender create Mesh node osm-way-408450792
00:11:01 | INFO: Blender create Mesh node osm-way-408450798
00:11:01 | INFO: Blender create Mesh node osm-way-408450800
00:11:01 | INFO: Blender create Mesh node osm-way-408450803
00:11:01 | INFO: Blender create Mesh node osm-way-408450805
00:11:01 | INFO: Blender create Mesh node osm-way-408450806
00:11:01 | INFO: Blender create Mesh node osm-way-408450810
00:11:01 | INFO: Blender create Mesh node osm-way-414733151
00:11:01 | INFO: Blender create Mesh node osm-way-414733153
00:11:01 | INFO: Blender create Mesh node osm-way-414733172
00:11:01 | INFO: Blender create Mesh node osm-way-414733175
00:11:01 | INFO: Blender create Mesh node osm-way-414733185
00:11:01 | INFO: Blender create Mesh node osm-way-414733203
00:11:01 | INFO: Blender create Mesh node osm-way-415667808
00:11:01 | INFO: Blender create Mesh node osm-way-415667816
00:11:01 | INFO: Blender create Mesh node osm-way-415667822
00:11:01 | INFO: Blender create Mesh node osm-way-415667888
00:11:01 | INFO: Blender create Mesh node osm-way-427786590
00:11:01 | INFO: Blender create Mesh node osm-way-428179901
00:11:01 | INFO: Blender create Mesh node osm-way-428179902
00:11:01 | INFO: Blender create Mesh node osm-way-428179903
00:11:01 | INFO: Blender create Mesh node osm-way-428179905
00:11:01 | INFO: Blender create Mesh node osm-way-428179906
00:11:01 | INFO: Blender create Mesh node osm-way-428179909
00:11:01 | INFO: Blender create Mesh node osm-way-428179910
00:11:01 | INFO: Blender create Mesh node osm-way-428179911
00:11:01 | INFO: Blender create Mesh node osm-way-428179912
00:11:01 | INFO: Blender create Mesh node osm-way-428179913
00:11:01 | INFO: Blender create Mesh node osm-way-428179914
00:11:01 | INFO: Blender create Mesh node osm-way-428179917
00:11:01 | INFO: Blender create Mesh node osm-way-428179918
00:11:01 | INFO: Blender create Mesh node osm-way-428179920
00:11:01 | INFO: Blender create Mesh node osm-way-428179921
00:11:01 | INFO: Blender create Mesh node osm-way-428179922
00:11:01 | INFO: Blender create Mesh node osm-way-428179925
00:11:01 | INFO: Blender create Mesh node osm-way-428179926
00:11:01 | INFO: Blender create Mesh node osm-way-428186469
00:11:01 | INFO: Blender create Mesh node osm-way-428196072
00:11:01 | INFO: Blender create Mesh node osm-way-428196075
00:11:01 | INFO: Blender create Mesh node osm-way-428196078
00:11:01 | INFO: Blender create Mesh node osm-way-428196079
00:11:01 | INFO: Blender create Mesh node osm-way-428196090
00:11:01 | INFO: Blender create Mesh node osm-way-428196091
00:11:01 | INFO: Blender create Mesh node osm-way-428196092
00:11:01 | INFO: Blender create Mesh node osm-way-428196098
00:11:01 | INFO: Blender create Mesh node osm-way-428196106
00:11:01 | INFO: Blender create Mesh node osm-way-428196108
00:11:01 | INFO: Blender create Mesh node osm-way-428196112
00:11:01 | INFO: Blender create Mesh node osm-way-428202597
00:11:01 | INFO: Blender create Mesh node osm-way-428202599
00:11:01 | INFO: Blender create Mesh node osm-way-428202600
00:11:01 | INFO: Blender create Mesh node osm-way-428202601
00:11:01 | INFO: Blender create Mesh node osm-way-428202602
00:11:01 | INFO: Blender create Mesh node osm-way-428202603
00:11:01 | INFO: Blender create Mesh node osm-way-428202604
00:11:01 | INFO: Blender create Mesh node osm-way-428202605
00:11:01 | INFO: Blender create Mesh node osm-way-428202606
00:11:01 | INFO: Blender create Mesh node osm-way-428202607
00:11:01 | INFO: Blender create Mesh node osm-way-428202608
00:11:01 | INFO: Blender create Mesh node osm-way-428202609
00:11:01 | INFO: Blender create Mesh node osm-way-439877626
00:11:01 | INFO: Blender create Mesh node osm-way-439877627
00:11:02 | INFO: Blender create Mesh node osm-way-439877628
00:11:02 | INFO: Blender create Mesh node osm-way-439877629
00:11:02 | INFO: Blender create Mesh node osm-way-439877630
00:11:02 | INFO: Blender create Mesh node osm-way-439877631
00:11:02 | INFO: Blender create Mesh node osm-way-439877632
00:11:02 | INFO: Blender create Mesh node osm-way-440730276
00:11:02 | INFO: Blender create Mesh node osm-way-442978944
00:11:02 | INFO: Blender create Mesh node osm-way-442978951
00:11:02 | INFO: Blender create Mesh node osm-way-446933492
00:11:02 | INFO: Blender create Mesh node osm-way-446933494
00:11:02 | INFO: Blender create Mesh node osm-way-446933495
00:11:02 | INFO: Blender create Mesh node osm-way-446933496
00:11:02 | INFO: Blender create Mesh node osm-way-446933498
00:11:02 | INFO: Blender create Mesh node osm-way-446933499
00:11:02 | INFO: Blender create Mesh node osm-way-446933501
00:11:02 | INFO: Blender create Mesh node osm-way-446933502
00:11:02 | INFO: Blender create Mesh node osm-way-446933503
00:11:02 | INFO: Blender create Mesh node osm-way-446933506
00:11:02 | INFO: Blender create Mesh node osm-way-446933508
00:11:02 | INFO: Blender create Mesh node osm-way-446933509
00:11:02 | INFO: Blender create Mesh node osm-way-446933510
00:11:02 | INFO: Blender create Mesh node osm-way-446933511
00:11:02 | INFO: Blender create Mesh node osm-way-446933512
00:11:02 | INFO: Blender create Mesh node osm-way-446933513
00:11:02 | INFO: Blender create Mesh node osm-way-446933514
00:11:02 | INFO: Blender create Mesh node osm-way-446933515
00:11:02 | INFO: Blender create Mesh node osm-way-446933516
00:11:02 | INFO: Blender create Mesh node osm-way-446933517
00:11:02 | INFO: Blender create Mesh node osm-way-446933519
00:11:02 | INFO: Blender create Mesh node osm-way-446933520
00:11:02 | INFO: Blender create Mesh node osm-way-446933524
00:11:02 | INFO: Blender create Mesh node osm-way-446933526
00:11:02 | INFO: Blender create Mesh node osm-way-446933527
00:11:02 | INFO: Blender create Mesh node osm-way-446933528
00:11:02 | INFO: Blender create Mesh node osm-way-446933529
00:11:02 | INFO: Blender create Mesh node osm-way-446933530
00:11:02 | INFO: Blender create Mesh node osm-way-446933531
00:11:02 | INFO: Blender create Mesh node osm-way-446933532
00:11:02 | INFO: Blender create Mesh node osm-way-446933533
00:11:02 | INFO: Blender create Mesh node osm-way-446933537
00:11:02 | INFO: Blender create Mesh node osm-way-446933539
00:11:02 | INFO: Blender create Mesh node osm-way-446933540
00:11:02 | INFO: Blender create Mesh node osm-way-446933542
00:11:02 | INFO: Blender create Mesh node osm-way-446933543
00:11:02 | INFO: Blender create Mesh node osm-way-446933545
00:11:02 | INFO: Blender create Mesh node osm-way-446934320
00:11:02 | INFO: Blender create Mesh node osm-way-446934321
00:11:02 | INFO: Blender create Mesh node osm-way-446934322
00:11:02 | INFO: Blender create Mesh node osm-way-446934324
00:11:02 | INFO: Blender create Mesh node osm-way-446934325
00:11:02 | INFO: Blender create Mesh node osm-way-446934326
00:11:02 | INFO: Blender create Mesh node osm-way-446934327
00:11:02 | INFO: Blender create Mesh node osm-way-446934329
00:11:02 | INFO: Blender create Mesh node osm-way-446934330
00:11:02 | INFO: Blender create Mesh node osm-way-446934331
00:11:02 | INFO: Blender create Mesh node osm-way-446934332
00:11:02 | INFO: Blender create Mesh node osm-way-446934333
00:11:02 | INFO: Blender create Mesh node osm-way-446934334
00:11:02 | INFO: Blender create Mesh node osm-way-446934336
00:11:02 | INFO: Blender create Mesh node osm-way-446934337
00:11:02 | INFO: Blender create Mesh node osm-way-446934341
00:11:02 | INFO: Blender create Mesh node osm-way-446934342
00:11:02 | INFO: Blender create Mesh node osm-way-446934343
00:11:02 | INFO: Blender create Mesh node osm-way-446934347
00:11:02 | INFO: Blender create Mesh node osm-way-446934348
00:11:02 | INFO: Blender create Mesh node osm-way-446934350
00:11:02 | INFO: Blender create Mesh node osm-way-446934351
00:11:02 | INFO: Blender create Mesh node osm-way-446934352
00:11:02 | INFO: Blender create Mesh node osm-way-446934355
00:11:02 | INFO: Blender create Mesh node osm-way-446934356
00:11:02 | INFO: Blender create Mesh node osm-way-446934357
00:11:02 | INFO: Blender create Mesh node osm-way-446934360
00:11:02 | INFO: Blender create Mesh node osm-way-446934361
00:11:02 | INFO: Blender create Mesh node osm-way-446934363
00:11:02 | INFO: Blender create Mesh node osm-way-446934364
00:11:02 | INFO: Blender create Mesh node osm-way-446934367
00:11:02 | INFO: Blender create Mesh node osm-way-446934368
00:11:02 | INFO: Blender create Mesh node osm-way-446934369
00:11:02 | INFO: Blender create Mesh node osm-way-446934375
00:11:02 | INFO: Blender create Mesh node osm-way-446934376
00:11:02 | INFO: Blender create Mesh node osm-way-446934735
00:11:02 | INFO: Blender create Mesh node osm-way-446934737
00:11:02 | INFO: Blender create Mesh node osm-way-446934738
00:11:02 | INFO: Blender create Mesh node osm-way-446934739
00:11:02 | INFO: Blender create Mesh node osm-way-446934740
00:11:02 | INFO: Blender create Mesh node osm-way-446934741
00:11:02 | INFO: Blender create Mesh node osm-way-446934742
00:11:02 | INFO: Blender create Mesh node osm-way-446934743
00:11:02 | INFO: Blender create Mesh node osm-way-446934744
00:11:02 | INFO: Blender create Mesh node osm-way-446934747
00:11:02 | INFO: Blender create Mesh node osm-way-446934749
00:11:02 | INFO: Blender create Mesh node osm-way-446934751
00:11:02 | INFO: Blender create Mesh node osm-way-446934753
00:11:02 | INFO: Blender create Mesh node osm-way-446934757
00:11:02 | INFO: Blender create Mesh node osm-way-446934759
00:11:02 | INFO: Blender create Mesh node osm-way-446934760
00:11:02 | INFO: Blender create Mesh node osm-way-446934763
00:11:02 | INFO: Blender create Mesh node osm-way-446934764
00:11:02 | INFO: Blender create Mesh node osm-way-446934766
00:11:02 | INFO: Blender create Mesh node osm-way-446934768
00:11:02 | INFO: Blender create Mesh node osm-way-446934770
00:11:02 | INFO: Blender create Mesh node osm-way-446934771
00:11:02 | INFO: Blender create Mesh node osm-way-446934772
00:11:02 | INFO: Blender create Mesh node osm-way-446934773
00:11:02 | INFO: Blender create Mesh node osm-way-446934776
00:11:02 | INFO: Blender create Mesh node osm-way-446934777
00:11:02 | INFO: Blender create Mesh node osm-way-446934778
00:11:02 | INFO: Blender create Mesh node osm-way-446934928
00:11:02 | INFO: Blender create Mesh node osm-way-446934932
00:11:02 | INFO: Blender create Mesh node osm-way-446934933
00:11:02 | INFO: Blender create Mesh node osm-way-446934935
00:11:02 | INFO: Blender create Mesh node osm-way-446934937
00:11:02 | INFO: Blender create Mesh node osm-way-446934938
00:11:02 | INFO: Blender create Mesh node osm-way-446934940
00:11:02 | INFO: Blender create Mesh node osm-way-446935274
00:11:02 | INFO: Blender create Mesh node osm-way-446936775
00:11:02 | INFO: Blender create Mesh node osm-way-446936776
00:11:02 | INFO: Blender create Mesh node osm-way-446936777
00:11:02 | INFO: Blender create Mesh node osm-way-446936779
00:11:02 | INFO: Blender create Mesh node osm-way-446936780
00:11:02 | INFO: Blender create Mesh node osm-way-446936782
00:11:02 | INFO: Blender create Mesh node osm-way-446936783
00:11:02 | INFO: Blender create Mesh node osm-way-446936784
00:11:02 | INFO: Blender create Mesh node osm-way-446936785
00:11:02 | INFO: Blender create Mesh node osm-way-446936786
00:11:02 | INFO: Blender create Mesh node osm-way-446936787
00:11:02 | INFO: Blender create Mesh node osm-way-446936788
00:11:02 | INFO: Blender create Mesh node osm-way-446936790
00:11:02 | INFO: Blender create Mesh node osm-way-446936791
00:11:02 | INFO: Blender create Mesh node osm-way-446936792
00:11:02 | INFO: Blender create Mesh node osm-way-446936793
00:11:02 | INFO: Blender create Mesh node osm-way-446936795
00:11:02 | INFO: Blender create Mesh node osm-way-446936796
00:11:02 | INFO: Blender create Mesh node osm-way-446937009
00:11:02 | INFO: Blender create Mesh node osm-way-446937011
00:11:02 | INFO: Blender create Mesh node osm-way-446937012
00:11:02 | INFO: Blender create Mesh node osm-way-446937013
00:11:02 | INFO: Blender create Mesh node osm-way-446937014
00:11:02 | INFO: Blender create Mesh node osm-way-446937017
00:11:02 | INFO: Blender create Mesh node osm-way-446937018
00:11:02 | INFO: Blender create Mesh node osm-way-446937019
00:11:02 | INFO: Blender create Mesh node osm-way-446937020
00:11:02 | INFO: Blender create Mesh node osm-way-446937266
00:11:02 | INFO: Blender create Mesh node osm-way-446937268
00:11:02 | INFO: Blender create Mesh node osm-way-446937269
00:11:02 | INFO: Blender create Mesh node osm-way-446937270
00:11:02 | INFO: Blender create Mesh node osm-way-446937271
00:11:02 | INFO: Blender create Mesh node osm-way-446937272
00:11:02 | INFO: Blender create Mesh node osm-way-446937274
00:11:02 | INFO: Blender create Mesh node osm-way-446937275
00:11:02 | INFO: Blender create Mesh node osm-way-446937277
00:11:02 | INFO: Blender create Mesh node osm-way-446937278
00:11:02 | INFO: Blender create Mesh node osm-way-446937280
00:11:02 | INFO: Blender create Mesh node osm-way-446937281
00:11:02 | INFO: Blender create Mesh node osm-way-446937282
00:11:02 | INFO: Blender create Mesh node osm-way-446937283
00:11:02 | INFO: Blender create Mesh node osm-way-446937284
00:11:02 | INFO: Blender create Mesh node osm-way-446937289
00:11:02 | INFO: Blender create Mesh node osm-way-446937291
00:11:02 | INFO: Blender create Mesh node osm-way-446937292
00:11:02 | INFO: Blender create Mesh node osm-way-446937294
00:11:02 | INFO: Blender create Mesh node osm-way-446937295
00:11:02 | INFO: Blender create Mesh node osm-way-446937825
00:11:02 | INFO: Blender create Mesh node osm-way-446937828
00:11:02 | INFO: Blender create Mesh node osm-way-446937829
00:11:02 | INFO: Blender create Mesh node osm-way-446937830
00:11:02 | INFO: Blender create Mesh node osm-way-446937832
00:11:02 | INFO: Blender create Mesh node osm-way-446937835
00:11:02 | INFO: Blender create Mesh node osm-way-446937839
00:11:02 | INFO: Blender create Mesh node osm-way-446937840
00:11:02 | INFO: Blender create Mesh node osm-way-446937841
00:11:02 | INFO: Blender create Mesh node osm-way-446939476
00:11:02 | INFO: Blender create Mesh node osm-way-446939477
00:11:02 | INFO: Blender create Mesh node osm-way-446939480
00:11:02 | INFO: Blender create Mesh node osm-way-446939483
00:11:02 | INFO: Blender create Mesh node osm-way-446939486
00:11:02 | INFO: Blender create Mesh node osm-way-446939490
00:11:02 | INFO: Blender create Mesh node osm-way-446939491
00:11:02 | INFO: Blender create Mesh node osm-way-446939494
00:11:02 | INFO: Blender create Mesh node osm-way-446939495
00:11:02 | INFO: Blender create Mesh node osm-way-446939496
00:11:02 | INFO: Blender create Mesh node osm-way-446939497
00:11:02 | INFO: Blender create Mesh node osm-way-446939498
00:11:02 | INFO: Blender create Mesh node osm-way-446939502
00:11:02 | INFO: Blender create Mesh node osm-way-446939503
00:11:02 | INFO: Blender create Mesh node osm-way-446939504
00:11:02 | INFO: Blender create Mesh node osm-way-446939505
00:11:02 | INFO: Blender create Mesh node osm-way-446939506
00:11:02 | INFO: Blender create Mesh node osm-way-446939507
00:11:02 | INFO: Blender create Mesh node osm-way-446939508
00:11:02 | INFO: Blender create Mesh node osm-way-446939509
00:11:02 | INFO: Blender create Mesh node osm-way-446939511
00:11:02 | INFO: Blender create Mesh node osm-way-446939512
00:11:02 | INFO: Blender create Mesh node osm-way-446939513
00:11:02 | INFO: Blender create Mesh node osm-way-446939514
00:11:02 | INFO: Blender create Mesh node osm-way-446939515
00:11:02 | INFO: Blender create Mesh node osm-way-446939517
00:11:02 | INFO: Blender create Mesh node osm-way-446939518
00:11:02 | INFO: Blender create Mesh node osm-way-446939519
00:11:02 | INFO: Blender create Mesh node osm-way-446939523
00:11:02 | INFO: Blender create Mesh node osm-way-446939524
00:11:02 | INFO: Blender create Mesh node osm-way-446939526
00:11:02 | INFO: Blender create Mesh node osm-way-446939527
00:11:02 | INFO: Blender create Mesh node osm-way-446939528
00:11:02 | INFO: Blender create Mesh node osm-way-446939532
00:11:02 | INFO: Blender create Mesh node osm-way-446939533
00:11:02 | INFO: Blender create Mesh node osm-way-446939534
00:11:02 | INFO: Blender create Mesh node osm-way-446939539
00:11:02 | INFO: Blender create Mesh node osm-way-446939541
00:11:02 | INFO: Blender create Mesh node osm-way-446939548
00:11:02 | INFO: Blender create Mesh node osm-way-446939549
00:11:02 | INFO: Blender create Mesh node osm-way-446939554
00:11:02 | INFO: Blender create Mesh node osm-way-446939555
00:11:02 | INFO: Blender create Mesh node osm-way-446939557
00:11:02 | INFO: Blender create Mesh node osm-way-446939558
00:11:02 | INFO: Blender create Mesh node osm-way-446939561
00:11:02 | INFO: Blender create Mesh node osm-way-446939567
00:11:02 | INFO: Blender create Mesh node osm-way-446939568
00:11:02 | INFO: Blender create Mesh node osm-way-446939569
00:11:02 | INFO: Blender create Mesh node osm-way-446939572
00:11:02 | INFO: Blender create Mesh node osm-way-446939575
00:11:02 | INFO: Blender create Mesh node osm-way-446939578
00:11:02 | INFO: Blender create Mesh node osm-way-446939579
00:11:02 | INFO: Blender create Mesh node osm-way-446939580
00:11:02 | INFO: Blender create Mesh node osm-way-446939581
00:11:02 | INFO: Blender create Mesh node osm-way-446939582
00:11:02 | INFO: Blender create Mesh node osm-way-446939584
00:11:02 | INFO: Blender create Mesh node osm-way-446939585
00:11:02 | INFO: Blender create Mesh node osm-way-446939587
00:11:02 | INFO: Blender create Mesh node osm-way-446939588
00:11:02 | INFO: Blender create Mesh node osm-way-446939589
00:11:02 | INFO: Blender create Mesh node osm-way-446939591
00:11:02 | INFO: Blender create Mesh node osm-way-446939592
00:11:02 | INFO: Blender create Mesh node osm-way-446939594
00:11:02 | INFO: Blender create Mesh node osm-way-446939596
00:11:02 | INFO: Blender create Mesh node osm-way-446939597
00:11:02 | INFO: Blender create Mesh node osm-way-446939598
00:11:02 | INFO: Blender create Mesh node osm-way-446939602
00:11:02 | INFO: Blender create Mesh node osm-way-446939603
00:11:02 | INFO: Blender create Mesh node osm-way-446939604
00:11:02 | INFO: Blender create Mesh node osm-way-446939607
00:11:02 | INFO: Blender create Mesh node osm-way-446939611
00:11:02 | INFO: Blender create Mesh node osm-way-446939614
00:11:02 | INFO: Blender create Mesh node osm-way-446939615
00:11:02 | INFO: Blender create Mesh node osm-way-446939616
00:11:02 | INFO: Blender create Mesh node osm-way-446939617
00:11:02 | INFO: Blender create Mesh node osm-way-446939618
00:11:02 | INFO: Blender create Mesh node osm-way-446939619
00:11:02 | INFO: Blender create Mesh node osm-way-446939627
00:11:02 | INFO: Blender create Mesh node osm-way-446939628
00:11:02 | INFO: Blender create Mesh node osm-way-446939629
00:11:02 | INFO: Blender create Mesh node osm-way-446939630
00:11:02 | INFO: Blender create Mesh node osm-way-446939631
00:11:02 | INFO: Blender create Mesh node osm-way-446939632
00:11:02 | INFO: Blender create Mesh node osm-way-446939633
00:11:02 | INFO: Blender create Mesh node osm-way-446939635
00:11:02 | INFO: Blender create Mesh node osm-way-446939637
00:11:02 | INFO: Blender create Mesh node osm-way-446939640
00:11:02 | INFO: Blender create Mesh node osm-way-446939641
00:11:02 | INFO: Blender create Mesh node osm-way-446939643
00:11:02 | INFO: Blender create Mesh node osm-way-446939644
00:11:02 | INFO: Blender create Mesh node osm-way-446939645
00:11:02 | INFO: Blender create Mesh node osm-way-446939648
00:11:02 | INFO: Blender create Mesh node osm-way-446939650
00:11:02 | INFO: Blender create Mesh node osm-way-446939652
00:11:02 | INFO: Blender create Mesh node osm-way-446939653
00:11:02 | INFO: Blender create Mesh node osm-way-446939656
00:11:02 | INFO: Blender create Mesh node osm-way-446939657
00:11:02 | INFO: Blender create Mesh node osm-way-446939660
00:11:02 | INFO: Blender create Mesh node osm-way-446944632
00:11:02 | INFO: Blender create Mesh node osm-way-446944633
00:11:02 | INFO: Blender create Mesh node osm-way-446944634
00:11:02 | INFO: Blender create Mesh node osm-way-446966512
00:11:02 | INFO: Blender create Mesh node osm-way-446966513
00:11:02 | INFO: Blender create Mesh node osm-way-446966514
00:11:02 | INFO: Blender create Mesh node osm-way-447017703
00:11:02 | INFO: Blender create Mesh node osm-way-447017704
00:11:02 | INFO: Blender create Mesh node osm-way-447021392
00:11:02 | INFO: Blender create Mesh node osm-way-447021394
00:11:02 | INFO: Blender create Mesh node osm-way-447024799
00:11:02 | INFO: Blender create Mesh node osm-way-447024800
00:11:02 | INFO: Blender create Mesh node osm-way-447024802
00:11:02 | INFO: Blender create Mesh node osm-way-447024803
00:11:02 | INFO: Blender create Mesh node osm-way-447024804
00:11:02 | INFO: Blender create Mesh node osm-way-447024805
00:11:02 | INFO: Blender create Mesh node osm-way-447024806
00:11:02 | INFO: Blender create Mesh node osm-way-447024807
00:11:02 | INFO: Blender create Mesh node osm-way-447024808
00:11:02 | INFO: Blender create Mesh node osm-way-447024810
00:11:02 | INFO: Blender create Mesh node osm-way-447024814
00:11:02 | INFO: Blender create Mesh node osm-way-447024815
00:11:02 | INFO: Blender create Mesh node osm-way-447024816
00:11:02 | INFO: Blender create Mesh node osm-way-447024818
00:11:02 | INFO: Blender create Mesh node osm-way-447024820
00:11:02 | INFO: Blender create Mesh node osm-way-447124025
00:11:02 | INFO: Blender create Mesh node osm-way-447124026
00:11:02 | INFO: Blender create Mesh node osm-way-447124027
00:11:02 | INFO: Blender create Mesh node osm-way-447124028
00:11:02 | INFO: Blender create Mesh node osm-way-447124032
00:11:02 | INFO: Blender create Mesh node osm-way-447124035
00:11:02 | INFO: Blender create Mesh node osm-way-447124036
00:11:02 | INFO: Blender create Mesh node osm-way-447124041
00:11:02 | INFO: Blender create Mesh node osm-way-447124043
00:11:02 | INFO: Blender create Mesh node osm-way-447124046
00:11:02 | INFO: Blender create Mesh node osm-way-447124047
00:11:02 | INFO: Blender create Mesh node osm-way-447124048
00:11:02 | INFO: Blender create Mesh node osm-way-447124050
00:11:02 | INFO: Blender create Mesh node osm-way-447126696
00:11:02 | INFO: Blender create Mesh node osm-way-447126697
00:11:02 | INFO: Blender create Mesh node osm-way-447126698
00:11:02 | INFO: Blender create Mesh node osm-way-447126699
00:11:02 | INFO: Blender create Mesh node osm-way-447126700
00:11:02 | INFO: Blender create Mesh node osm-way-448242492
00:11:02 | INFO: Blender create Mesh node osm-way-477624445
00:11:02 | INFO: Blender create Mesh node osm-way-479413171
00:11:02 | INFO: Blender create Mesh node osm-way-493784117
00:11:02 | INFO: Blender create Mesh node osm-way-493784118
00:11:02 | INFO: Blender create Mesh node osm-way-494080948
00:11:02 | INFO: Blender create Mesh node osm-way-494081643
00:11:02 | INFO: Blender create Mesh node osm-way-494084421
00:11:02 | INFO: Blender create Mesh node osm-way-494394246
00:11:02 | INFO: Blender create Mesh node osm-way-494395699
00:11:02 | INFO: Blender create Mesh node osm-way-494546990
00:11:02 | INFO: Blender create Mesh node osm-way-494547028
00:11:02 | INFO: Blender create Mesh node osm-way-494547086
00:11:02 | INFO: Blender create Mesh node osm-way-494547237
00:11:03 | INFO: Blender create Mesh node osm-way-494547562
00:11:03 | INFO: Blender create Mesh node osm-way-494547563
00:11:03 | INFO: Blender create Mesh node osm-way-494958428
00:11:03 | INFO: Blender create Mesh node osm-way-495101833
00:11:03 | INFO: Blender create Mesh node osm-way-495101843
00:11:03 | INFO: Blender create Mesh node osm-way-495102640
00:11:03 | INFO: Blender create Mesh node osm-way-495105528
00:11:03 | INFO: Blender create Mesh node osm-way-495105529
00:11:03 | INFO: Blender create Mesh node osm-way-495105530
00:11:03 | INFO: Blender create Mesh node osm-way-495105937
00:11:03 | INFO: Blender create Mesh node osm-way-495109680
00:11:03 | INFO: Blender create Mesh node osm-way-495114797
00:11:03 | INFO: Blender create Mesh node osm-way-495116055
00:11:03 | INFO: Blender create Mesh node osm-way-495116056
00:11:03 | INFO: Blender create Mesh node osm-way-495117576
00:11:03 | INFO: Blender create Mesh node osm-way-499430059
00:11:03 | INFO: Blender create Mesh node osm-way-499430061
00:11:03 | INFO: Blender create Mesh node osm-way-499430063
00:11:03 | INFO: Blender create Mesh node osm-way-505636150
00:11:03 | INFO: Blender create Mesh node osm-way-505636151
00:11:03 | INFO: Blender create Mesh node osm-way-505636152
00:11:03 | INFO: Blender create Mesh node osm-way-505636153
00:11:03 | INFO: Blender create Mesh node osm-way-505636154
00:11:03 | INFO: Blender create Mesh node osm-way-505636155
00:11:03 | INFO: Blender create Mesh node osm-way-505636159
00:11:03 | INFO: Blender create Mesh node osm-way-505636160
00:11:03 | INFO: Blender create Mesh node osm-way-505636161
00:11:03 | INFO: Blender create Mesh node osm-way-505636162
00:11:03 | INFO: Blender create Mesh node osm-way-505636163
00:11:03 | INFO: Blender create Mesh node osm-way-505641132
00:11:03 | INFO: Blender create Mesh node osm-way-505641135
00:11:03 | INFO: Blender create Mesh node osm-way-505641136
00:11:03 | INFO: Blender create Mesh node osm-way-505641137
00:11:03 | INFO: Blender create Mesh node osm-way-505641138
00:11:03 | INFO: Blender create Mesh node osm-way-505641143
00:11:03 | INFO: Blender create Mesh node osm-way-505641144
00:11:03 | INFO: Blender create Mesh node osm-way-505641145
00:11:03 | INFO: Blender create Mesh node osm-way-505641146
00:11:03 | INFO: Blender create Mesh node osm-way-505641147
00:11:03 | INFO: Blender create Mesh node osm-way-505641148
00:11:03 | INFO: Blender create Mesh node osm-way-505641149
00:11:03 | INFO: Blender create Mesh node osm-way-505641150
00:11:03 | INFO: Blender create Mesh node osm-way-505641151
00:11:03 | INFO: Blender create Mesh node osm-way-505641152
00:11:03 | INFO: Blender create Mesh node osm-way-505641153
00:11:03 | INFO: Blender create Mesh node osm-way-505641154
00:11:03 | INFO: Blender create Mesh node osm-way-505641155
00:11:03 | INFO: Blender create Mesh node osm-way-505641161
00:11:03 | INFO: Blender create Mesh node osm-way-505641162
00:11:03 | INFO: Blender create Mesh node osm-way-505641165
00:11:03 | INFO: Blender create Mesh node osm-way-505641167
00:11:03 | INFO: Blender create Mesh node osm-way-505641168
00:11:03 | INFO: Blender create Mesh node osm-way-505641172
00:11:03 | INFO: Blender create Mesh node osm-way-505641174
00:11:03 | INFO: Blender create Mesh node osm-way-505641175
00:11:03 | INFO: Blender create Mesh node osm-way-505641177
00:11:03 | INFO: Blender create Mesh node osm-way-505643535
00:11:03 | INFO: Blender create Mesh node osm-way-505643536
00:11:03 | INFO: Blender create Mesh node osm-way-505643537
00:11:03 | INFO: Blender create Mesh node osm-way-505643538
00:11:03 | INFO: Blender create Mesh node osm-way-505643539
00:11:03 | INFO: Blender create Mesh node osm-way-505643540
00:11:03 | INFO: Blender create Mesh node osm-way-505643541
00:11:03 | INFO: Blender create Mesh node osm-way-505643542
00:11:03 | INFO: Blender create Mesh node osm-way-505643543
00:11:03 | INFO: Blender create Mesh node osm-way-505643544
00:11:03 | INFO: Blender create Mesh node osm-way-505643545
00:11:03 | INFO: Blender create Mesh node osm-way-505643546
00:11:03 | INFO: Blender create Mesh node osm-way-505643547
00:11:03 | INFO: Blender create Mesh node osm-way-505643548
00:11:03 | INFO: Blender create Mesh node osm-way-505643549
00:11:03 | INFO: Blender create Mesh node osm-way-505643550
00:11:03 | INFO: Blender create Mesh node osm-way-505643551
00:11:03 | INFO: Blender create Mesh node osm-way-505643552
00:11:03 | INFO: Blender create Mesh node osm-way-505643553
00:11:03 | INFO: Blender create Mesh node osm-way-505643554
00:11:03 | INFO: Blender create Mesh node osm-way-505643562
00:11:03 | INFO: Blender create Mesh node osm-way-505643563
00:11:03 | INFO: Blender create Mesh node osm-way-505643564
00:11:03 | INFO: Blender create Mesh node osm-way-505643565
00:11:03 | INFO: Blender create Mesh node osm-way-505643566
00:11:03 | INFO: Blender create Mesh node osm-way-505643567
00:11:03 | INFO: Blender create Mesh node osm-way-505646893
00:11:03 | INFO: Blender create Mesh node osm-way-505646905
00:11:03 | INFO: Blender create Mesh node osm-way-505646907
00:11:03 | INFO: Blender create Mesh node osm-way-505653341
00:11:03 | INFO: Blender create Mesh node osm-way-505655116
00:11:03 | INFO: Blender create Mesh node osm-way-505655117
00:11:03 | INFO: Blender create Mesh node osm-way-505655118
00:11:03 | INFO: Blender create Mesh node osm-way-505655119
00:11:03 | INFO: Blender create Mesh node osm-way-505655120
00:11:03 | INFO: Blender create Mesh node osm-way-505655121
00:11:03 | INFO: Blender create Mesh node osm-way-505655123
00:11:03 | INFO: Blender create Mesh node osm-way-505655124
00:11:03 | INFO: Blender create Mesh node osm-way-505655137
00:11:03 | INFO: Blender create Mesh node osm-way-505655138
00:11:03 | INFO: Blender create Mesh node osm-way-505661356
00:11:03 | INFO: Blender create Mesh node osm-way-505661357
00:11:03 | INFO: Blender create Mesh node osm-way-505661358
00:11:03 | INFO: Blender create Mesh node osm-way-505661359
00:11:03 | INFO: Blender create Mesh node osm-way-505661360
00:11:03 | INFO: Blender create Mesh node osm-way-505661361
00:11:03 | INFO: Blender create Mesh node osm-way-505661362
00:11:03 | INFO: Blender create Mesh node osm-way-505661363
00:11:03 | INFO: Blender create Mesh node osm-way-505661364
00:11:03 | INFO: Blender create Mesh node osm-way-505661367
00:11:03 | INFO: Blender create Mesh node osm-way-505661368
00:11:03 | INFO: Blender create Mesh node osm-way-505661369
00:11:03 | INFO: Blender create Mesh node osm-way-505661370
00:11:03 | INFO: Blender create Mesh node osm-way-505661371
00:11:03 | INFO: Blender create Mesh node osm-way-505661372
00:11:03 | INFO: Blender create Mesh node osm-way-505661373
00:11:03 | INFO: Blender create Mesh node osm-way-505661374
00:11:03 | INFO: Blender create Mesh node osm-way-505661375
00:11:03 | INFO: Blender create Mesh node osm-way-505661376
00:11:03 | INFO: Blender create Mesh node osm-way-505664365
00:11:03 | INFO: Blender create Mesh node osm-way-505664431
00:11:03 | INFO: Blender create Mesh node osm-way-505664432
00:11:03 | INFO: Blender create Mesh node osm-way-515758765
00:11:03 | INFO: Blender create Mesh node osm-way-515758786
00:11:03 | INFO: Blender create Mesh node osm-way-520206090
00:11:03 | INFO: Blender create Mesh node osm-way-520214802
00:11:03 | INFO: Blender create Mesh node osm-way-520214805
00:11:03 | INFO: Blender create Mesh node osm-way-520214806
00:11:03 | INFO: Blender create Mesh node osm-way-520990201
00:11:03 | INFO: Blender create Mesh node osm-way-522348478
00:11:03 | INFO: Blender create Mesh node osm-way-524424597
00:11:03 | INFO: Blender create Mesh node osm-way-524424600
00:11:03 | INFO: Blender create Mesh node osm-way-524424604
00:11:03 | INFO: Blender create Mesh node osm-way-525709287
00:11:03 | INFO: Blender create Mesh node osm-way-526005642
00:11:03 | INFO: Blender create Mesh node osm-way-530662859
00:11:03 | INFO: Blender create Mesh node osm-way-530662861
00:11:03 | INFO: Blender create Mesh node osm-way-530662862
00:11:03 | INFO: Blender create Mesh node osm-way-530662863
00:11:03 | INFO: Blender create Mesh node osm-way-530662877
00:11:03 | INFO: Blender create Mesh node osm-way-530662879
00:11:03 | INFO: Blender create Mesh node osm-way-530662880
00:11:03 | INFO: Blender create Mesh node osm-way-530662881
00:11:03 | INFO: Blender create Mesh node osm-way-534041279
00:11:03 | INFO: Blender create Mesh node osm-way-534041282
00:11:03 | INFO: Blender create Mesh node osm-way-534041283
00:11:03 | INFO: Blender create Mesh node osm-way-534041285
00:11:03 | INFO: Blender create Mesh node osm-way-534041287
00:11:03 | INFO: Blender create Mesh node osm-way-534041289
00:11:03 | INFO: Blender create Mesh node osm-way-534041294
00:11:03 | INFO: Blender create Mesh node osm-way-534041297
00:11:03 | INFO: Blender create Mesh node osm-way-534041300
00:11:03 | INFO: Blender create Mesh node osm-way-534041306
00:11:03 | INFO: Blender create Mesh node osm-way-534041310
00:11:03 | INFO: Blender create Mesh node osm-way-534041313
00:11:03 | INFO: Blender create Mesh node osm-way-534041316
00:11:03 | INFO: Blender create Mesh node osm-way-534041320
00:11:03 | INFO: Blender create Mesh node osm-way-534041323
00:11:03 | INFO: Blender create Mesh node osm-way-534041326
00:11:03 | INFO: Blender create Mesh node osm-way-534041329
00:11:03 | INFO: Blender create Mesh node osm-way-534041332
00:11:03 | INFO: Blender create Mesh node osm-way-534041335
00:11:03 | INFO: Blender create Mesh node osm-way-534041341
00:11:03 | INFO: Blender create Mesh node osm-way-534041345
00:11:03 | INFO: Blender create Mesh node osm-way-534041348
00:11:03 | INFO: Blender create Mesh node osm-way-534041351
00:11:03 | INFO: Blender create Mesh node osm-way-534041354
00:11:03 | INFO: Blender create Mesh node osm-way-534041358
00:11:03 | INFO: Blender create Mesh node osm-way-534041361
00:11:03 | INFO: Blender create Mesh node osm-way-553893867
00:11:03 | INFO: Blender create Mesh node osm-way-553893868
00:11:03 | INFO: Blender create Mesh node osm-way-553893872
00:11:03 | INFO: Blender create Mesh node osm-way-553893873
00:11:03 | INFO: Blender create Mesh node osm-way-553893874
00:11:03 | INFO: Blender create Mesh node osm-way-553893879
00:11:03 | INFO: Blender create Mesh node osm-way-553893884
00:11:03 | INFO: Blender create Mesh node osm-way-556936035
00:11:03 | INFO: Blender create Mesh node osm-way-610343188
00:11:03 | INFO: Blender create Mesh node osm-way-610967771
00:11:03 | INFO: Blender create Mesh node osm-way-610967910
00:11:03 | INFO: Blender create Mesh node osm-way-610969492
00:11:03 | INFO: Blender create Mesh node osm-way-610986344
00:11:03 | INFO: Blender create Mesh node osm-way-610986345
00:11:03 | INFO: Blender create Mesh node osm-way-610986346
00:11:03 | INFO: Blender create Mesh node osm-way-610986347
00:11:03 | INFO: Blender create Mesh node osm-way-610986348
00:11:03 | INFO: Blender create Mesh node osm-way-610991910
00:11:03 | INFO: Blender create Mesh node osm-way-610992775
00:11:03 | INFO: Blender create Mesh node osm-way-611246563
00:11:03 | INFO: Blender create Mesh node osm-way-611989032
00:11:03 | INFO: Blender create Mesh node osm-way-612173021
00:11:03 | INFO: Blender create Mesh node osm-way-612173022
00:11:03 | INFO: Blender create Mesh node osm-way-612173023
00:11:03 | INFO: Blender create Mesh node osm-way-612173024
00:11:03 | INFO: Blender create Mesh node osm-way-612173025
00:11:03 | INFO: Blender create Mesh node osm-way-612173028
00:11:03 | INFO: Blender create Mesh node osm-way-612173029
00:11:03 | INFO: Blender create Mesh node osm-way-612183544
00:11:03 | INFO: Blender create Mesh node osm-way-612183548
00:11:03 | INFO: Blender create Mesh node osm-way-612183551
00:11:03 | INFO: Blender create Mesh node osm-way-612183554
00:11:03 | INFO: Blender create Mesh node osm-way-612183555
00:11:03 | INFO: Blender create Mesh node osm-way-612183558
00:11:03 | INFO: Blender create Mesh node osm-way-612183560
00:11:03 | INFO: Blender create Mesh node osm-way-612183562
00:11:03 | INFO: Blender create Mesh node osm-way-612183564
00:11:03 | INFO: Blender create Mesh node osm-way-612183567
00:11:03 | INFO: Blender create Mesh node osm-way-612183569
00:11:03 | INFO: Blender create Mesh node osm-way-612183572
00:11:03 | INFO: Blender create Mesh node osm-way-612183573
00:11:03 | INFO: Blender create Mesh node osm-way-612183575
00:11:03 | INFO: Blender create Mesh node osm-way-612183577
00:11:03 | INFO: Blender create Mesh node osm-way-612183579
00:11:03 | INFO: Blender create Mesh node osm-way-612183581
00:11:03 | INFO: Blender create Mesh node osm-way-612183582
00:11:03 | INFO: Blender create Mesh node osm-way-612183584
00:11:03 | INFO: Blender create Mesh node osm-way-612183587
00:11:03 | INFO: Blender create Mesh node osm-way-612410366
00:11:03 | INFO: Blender create Mesh node osm-way-623029759
00:11:03 | INFO: Blender create Mesh node osm-way-656626139
00:11:03 | INFO: Blender create Mesh node osm-way-656626142
00:11:03 | INFO: Blender create Mesh node osm-way-656626143
00:11:03 | INFO: Blender create Mesh node osm-way-656626157
00:11:03 | INFO: Blender create Mesh node osm-way-656626158
00:11:03 | INFO: Blender create Mesh node osm-way-670670977
00:11:03 | INFO: Blender create Mesh node osm-way-670670978
00:11:03 | INFO: Blender create Mesh node osm-way-673517953
00:11:03 | INFO: Blender create Mesh node osm-way-673517954
00:11:03 | INFO: Blender create Mesh node osm-way-673517955
00:11:03 | INFO: Blender create Mesh node osm-way-673517956
00:11:03 | INFO: Blender create Mesh node osm-way-673517957
00:11:03 | INFO: Blender create Mesh node osm-way-673517958
00:11:03 | INFO: Blender create Mesh node osm-way-673517961
00:11:03 | INFO: Blender create Mesh node osm-way-694630312
00:11:03 | INFO: Blender create Mesh node osm-way-694630313
00:11:03 | INFO: Blender create Mesh node osm-way-694630314
00:11:03 | INFO: Blender create Mesh node osm-way-694630319
00:11:03 | INFO: Blender create Mesh node osm-way-694630324
00:11:03 | INFO: Blender create Mesh node osm-way-694630326
00:11:03 | INFO: Blender create Mesh node osm-way-696884111
00:11:03 | INFO: Blender create Mesh node osm-way-701981165
00:11:03 | INFO: Blender create Mesh node osm-way-702173478
00:11:03 | INFO: Blender create Mesh node osm-way-702173479
00:11:03 | INFO: Blender create Mesh node osm-way-702173480
00:11:03 | INFO: Blender create Mesh node osm-way-702173481
00:11:03 | INFO: Blender create Mesh node osm-way-702173482
00:11:03 | INFO: Blender create Mesh node osm-way-702173483
00:11:03 | INFO: Blender create Mesh node osm-way-702173485
00:11:03 | INFO: Blender create Mesh node osm-way-702173489
00:11:03 | INFO: Blender create Mesh node osm-way-702173490
00:11:03 | INFO: Blender create Mesh node osm-way-702173491
00:11:03 | INFO: Blender create Mesh node osm-way-702173499
00:11:03 | INFO: Blender create Mesh node osm-way-702173892
00:11:03 | INFO: Blender create Mesh node osm-way-702173893
00:11:03 | INFO: Blender create Mesh node osm-way-702173894
00:11:03 | INFO: Blender create Mesh node osm-way-702173895
00:11:03 | INFO: Blender create Mesh node osm-way-702173896
00:11:03 | INFO: Blender create Mesh node osm-way-744266710
00:11:03 | INFO: Blender create Mesh node osm-way-744268772
00:11:03 | INFO: Blender create Mesh node osm-way-744268773
00:11:03 | INFO: Blender create Mesh node osm-way-744268775
00:11:03 | INFO: Blender create Mesh node osm-way-744272817
00:11:03 | INFO: Blender create Mesh node osm-way-744272825
00:11:03 | INFO: Blender create Mesh node osm-way-744272826
00:11:03 | INFO: Blender create Mesh node osm-way-744275998
00:11:03 | INFO: Blender create Mesh node osm-way-744275999
00:11:03 | INFO: Blender create Mesh node osm-way-744276000
00:11:03 | INFO: Blender create Mesh node osm-way-744276001
00:11:03 | INFO: Blender create Mesh node osm-way-744276002
00:11:03 | INFO: Blender create Mesh node osm-way-744276671
00:11:03 | INFO: Blender create Mesh node osm-way-744512993
00:11:03 | INFO: Blender create Mesh node osm-way-744525761
00:11:03 | INFO: Blender create Mesh node osm-way-744525762
00:11:03 | INFO: Blender create Mesh node osm-way-744525764
00:11:03 | INFO: Blender create Mesh node osm-way-744525768
00:11:03 | INFO: Blender create Mesh node osm-way-744525769
00:11:03 | INFO: Blender create Mesh node osm-way-744525770
00:11:03 | INFO: Blender create Mesh node osm-way-744527947
00:11:03 | INFO: Blender create Mesh node osm-way-744527948
00:11:03 | INFO: Blender create Mesh node osm-way-744529802
00:11:03 | INFO: Blender create Mesh node osm-way-744529803
00:11:03 | INFO: Blender create Mesh node osm-way-744529804
00:11:03 | INFO: Blender create Mesh node osm-way-744529805
00:11:03 | INFO: Blender create Mesh node osm-way-744529806
00:11:03 | INFO: Blender create Mesh node osm-way-744529807
00:11:03 | INFO: Blender create Mesh node osm-way-744529808
00:11:03 | INFO: Blender create Mesh node osm-way-744529809
00:11:03 | INFO: Blender create Mesh node osm-way-744529810
00:11:03 | INFO: Blender create Mesh node osm-way-744529811
00:11:03 | INFO: Blender create Mesh node osm-way-744529812
00:11:03 | INFO: Blender create Mesh node osm-way-744529813
00:11:03 | INFO: Blender create Mesh node osm-way-744529814
00:11:03 | INFO: Blender create Mesh node osm-way-744529815
00:11:03 | INFO: Blender create Mesh node osm-way-744529816
00:11:03 | INFO: Blender create Mesh node osm-way-744529817
00:11:03 | INFO: Blender create Mesh node osm-way-744529818
00:11:03 | INFO: Blender create Mesh node osm-way-744529819
00:11:03 | INFO: Blender create Mesh node osm-way-744529823
00:11:03 | INFO: Blender create Mesh node osm-way-744529824
00:11:03 | INFO: Blender create Mesh node osm-way-744529825
00:11:03 | INFO: Blender create Mesh node osm-way-744535408
00:11:03 | INFO: Blender create Mesh node osm-way-744535409
00:11:03 | INFO: Blender create Mesh node osm-way-744535410
00:11:03 | INFO: Blender create Mesh node osm-way-744535411
00:11:03 | INFO: Blender create Mesh node osm-way-744535412
00:11:03 | INFO: Blender create Mesh node osm-way-744535413
00:11:03 | INFO: Blender create Mesh node osm-way-744535414
00:11:03 | INFO: Blender create Mesh node osm-way-744535415
00:11:04 | INFO: Blender create Mesh node osm-way-744535416
00:11:04 | INFO: Blender create Mesh node osm-way-744535417
00:11:04 | INFO: Blender create Mesh node osm-way-744535418
00:11:04 | INFO: Blender create Mesh node osm-way-744535419
00:11:04 | INFO: Blender create Mesh node osm-way-744535420
00:11:04 | INFO: Blender create Mesh node osm-way-744535421
00:11:04 | INFO: Blender create Mesh node osm-way-744535422
00:11:04 | INFO: Blender create Mesh node osm-way-744535423
00:11:04 | INFO: Blender create Mesh node osm-way-744535424
00:11:04 | INFO: Blender create Mesh node osm-way-744535425
00:11:04 | INFO: Blender create Mesh node osm-way-744535426
00:11:04 | INFO: Blender create Mesh node osm-way-744535427
00:11:04 | INFO: Blender create Mesh node osm-way-744535428
00:11:04 | INFO: Blender create Mesh node osm-way-744535429
00:11:04 | INFO: Blender create Mesh node osm-way-744535430
00:11:04 | INFO: Blender create Mesh node osm-way-744535431
00:11:04 | INFO: Blender create Mesh node osm-way-744535432
00:11:04 | INFO: Blender create Mesh node osm-way-744535433
00:11:04 | INFO: Blender create Mesh node osm-way-744535434
00:11:04 | INFO: Blender create Mesh node osm-way-744535435
00:11:04 | INFO: Blender create Mesh node osm-way-744535436
00:11:04 | INFO: Blender create Mesh node osm-way-744535437
00:11:04 | INFO: Blender create Mesh node osm-way-744535438
00:11:04 | INFO: Blender create Mesh node osm-way-744535439
00:11:04 | INFO: Blender create Mesh node osm-way-744535440
00:11:04 | INFO: Blender create Mesh node osm-way-744535441
00:11:04 | INFO: Blender create Mesh node osm-way-744535442
00:11:04 | INFO: Blender create Mesh node osm-way-745677072
00:11:04 | INFO: Blender create Mesh node osm-way-754763863
00:11:04 | INFO: Blender create Mesh node osm-way-754767164
00:11:04 | INFO: Blender create Mesh node osm-way-754767796
00:11:04 | INFO: Blender create Mesh node osm-way-760475723
00:11:04 | INFO: Blender create Mesh node osm-way-764096052
00:11:04 | INFO: Blender create Mesh node osm-way-781767761
00:11:04 | INFO: Blender create Mesh node osm-way-781767762
00:11:04 | INFO: Blender create Mesh node osm-way-781767763
00:11:04 | INFO: Blender create Mesh node osm-way-792384681
00:11:04 | INFO: Blender create Mesh node osm-way-803305610
00:11:04 | INFO: Blender create Mesh node osm-way-804795620
00:11:04 | INFO: Blender create Mesh node osm-way-804795621
00:11:04 | INFO: Blender create Mesh node osm-way-804795622
00:11:04 | INFO: Blender create Mesh node osm-way-804795623
00:11:04 | INFO: Blender create Mesh node osm-way-804795624
00:11:04 | INFO: Blender create Mesh node osm-way-810390875
00:11:04 | INFO: Blender create Mesh node osm-way-836643370
00:11:04 | INFO: Blender create Mesh node osm-way-836643371
00:11:04 | INFO: Blender create Mesh node osm-way-836643372
00:11:04 | INFO: Blender create Mesh node osm-way-836643373
00:11:04 | INFO: Blender create Mesh node osm-way-836643375
00:11:04 | INFO: Blender create Mesh node osm-way-836643376
00:11:04 | INFO: Blender create Mesh node osm-way-836643387
00:11:04 | INFO: Blender create Mesh node osm-way-837781307
00:11:04 | INFO: Blender create Mesh node osm-way-837781308
00:11:04 | INFO: Blender create Mesh node osm-way-841161972
00:11:04 | INFO: Blender create Mesh node osm-way-841161973
00:11:04 | INFO: Blender create Mesh node osm-way-841161974
00:11:04 | INFO: Blender create Mesh node osm-way-841161975
00:11:04 | INFO: Blender create Mesh node osm-way-841161980
00:11:04 | INFO: Blender create Mesh node osm-way-841161981
00:11:04 | INFO: Blender create Mesh node osm-way-841161982
00:11:04 | INFO: Blender create Mesh node osm-way-841161985
00:11:04 | INFO: Blender create Mesh node osm-way-841161993
00:11:04 | INFO: Blender create Mesh node osm-way-841612871
00:11:04 | INFO: Blender create Mesh node osm-way-850733206
00:11:04 | INFO: Blender create Mesh node osm-way-858807399
00:11:04 | INFO: Blender create Mesh node osm-way-858807400
00:11:04 | INFO: Blender create Mesh node osm-way-858807401
00:11:04 | INFO: Blender create Mesh node osm-way-858807403
00:11:04 | INFO: Blender create Mesh node osm-way-858807404
00:11:04 | INFO: Blender create Mesh node osm-way-858807405
00:11:04 | INFO: Blender create Mesh node osm-way-858807406
00:11:04 | INFO: Blender create Mesh node osm-way-858807407
00:11:04 | INFO: Blender create Mesh node osm-way-858807408
00:11:04 | INFO: Blender create Mesh node osm-way-858807409
00:11:04 | INFO: Blender create Mesh node osm-way-858807410
00:11:04 | INFO: Blender create Mesh node osm-way-858807411
00:11:04 | INFO: Blender create Mesh node osm-way-858807412
00:11:04 | INFO: Blender create Mesh node osm-way-858807413
00:11:04 | INFO: Blender create Mesh node osm-way-858807414
00:11:04 | INFO: Blender create Mesh node osm-way-858807422
00:11:04 | INFO: Blender create Mesh node osm-way-858807423
00:11:04 | INFO: Blender create Mesh node osm-way-858807424
00:11:04 | INFO: Blender create Mesh node osm-way-858807425
00:11:04 | INFO: Blender create Mesh node osm-way-858807428
00:11:04 | INFO: Blender create Mesh node osm-way-858807429
00:11:04 | INFO: Blender create Mesh node osm-way-858807430
00:11:04 | INFO: Blender create Mesh node osm-way-858807431
00:11:04 | INFO: Blender create Mesh node osm-way-858807432
00:11:04 | INFO: Blender create Mesh node osm-way-858807433
00:11:04 | INFO: Blender create Mesh node osm-way-858807434
00:11:04 | INFO: Blender create Mesh node osm-way-858807435
00:11:04 | INFO: Blender create Mesh node osm-way-858807436
00:11:04 | INFO: Blender create Mesh node osm-way-858807437
00:11:04 | INFO: Blender create Mesh node osm-way-858807438
00:11:04 | INFO: Blender create Mesh node osm-way-858807439
00:11:04 | INFO: Blender create Mesh node osm-way-858807440
00:11:04 | INFO: Blender create Mesh node osm-way-858807441
00:11:04 | INFO: Blender create Mesh node osm-way-858807442
00:11:04 | INFO: Blender create Mesh node osm-way-858807443
00:11:04 | INFO: Blender create Mesh node osm-way-858807444
00:11:04 | INFO: Blender create Mesh node osm-way-858807445
00:11:04 | INFO: Blender create Mesh node osm-way-858807449
00:11:04 | INFO: Blender create Mesh node osm-way-858807450
00:11:04 | INFO: Blender create Mesh node osm-way-858807451
00:11:04 | INFO: Blender create Mesh node osm-way-858807453
00:11:04 | INFO: Blender create Mesh node osm-way-858807455
00:11:04 | INFO: Blender create Mesh node osm-way-858807456
00:11:04 | INFO: Blender create Mesh node osm-way-858807457
00:11:04 | INFO: Blender create Mesh node osm-way-858807458
00:11:04 | INFO: Blender create Mesh node osm-way-858807459
00:11:04 | INFO: Blender create Mesh node osm-way-858807460
00:11:04 | INFO: Blender create Mesh node osm-way-858807461
00:11:04 | INFO: Blender create Mesh node osm-way-858807462
00:11:04 | INFO: Blender create Mesh node osm-way-858807463
00:11:04 | INFO: Blender create Mesh node osm-way-858807464
00:11:04 | INFO: Blender create Mesh node osm-way-858807465
00:11:04 | INFO: Blender create Mesh node osm-way-858807466
00:11:04 | INFO: Blender create Mesh node osm-way-858807467
00:11:04 | INFO: Blender create Mesh node osm-way-858807468
00:11:04 | INFO: Blender create Mesh node osm-way-858807469
00:11:04 | INFO: Blender create Mesh node osm-way-858807470
00:11:04 | INFO: Blender create Mesh node osm-way-858807471
00:11:04 | INFO: Blender create Mesh node osm-way-858807472
00:11:04 | INFO: Blender create Mesh node osm-way-858807473
00:11:04 | INFO: Blender create Mesh node osm-way-858807474
00:11:04 | INFO: Blender create Mesh node osm-way-858807475
00:11:04 | INFO: Blender create Mesh node osm-way-858807476
00:11:04 | INFO: Blender create Mesh node osm-way-858807477
00:11:04 | INFO: Blender create Mesh node osm-way-858807478
00:11:04 | INFO: Blender create Mesh node osm-way-858807479
00:11:04 | INFO: Blender create Mesh node osm-way-858807480
00:11:04 | INFO: Blender create Mesh node osm-way-858807481
00:11:04 | INFO: Blender create Mesh node osm-way-858807482
00:11:04 | INFO: Blender create Mesh node osm-way-858807483
00:11:04 | INFO: Blender create Mesh node osm-way-858807484
00:11:04 | INFO: Blender create Mesh node osm-way-858807485
00:11:04 | INFO: Blender create Mesh node osm-way-858807486
00:11:04 | INFO: Blender create Mesh node osm-way-858807487
00:11:04 | INFO: Blender create Mesh node osm-way-858824280
00:11:04 | INFO: Blender create Mesh node osm-way-858824284
00:11:04 | INFO: Blender create Mesh node osm-way-858824285
00:11:04 | INFO: Blender create Mesh node osm-way-858824286
00:11:04 | INFO: Blender create Mesh node osm-way-858824288
00:11:04 | INFO: Blender create Mesh node osm-way-858824289
00:11:04 | INFO: Blender create Mesh node osm-way-858824290
00:11:04 | INFO: Blender create Mesh node osm-way-858824298
00:11:04 | INFO: Blender create Mesh node osm-way-858824300
00:11:04 | INFO: Blender create Mesh node osm-way-858824301
00:11:04 | INFO: Blender create Mesh node osm-way-858824302
00:11:04 | INFO: Blender create Mesh node osm-way-858824303
00:11:04 | INFO: Blender create Mesh node osm-way-858824304
00:11:04 | INFO: Blender create Mesh node osm-way-858824305
00:11:04 | INFO: Blender create Mesh node osm-way-858824306
00:11:04 | INFO: Blender create Mesh node osm-way-858824307
00:11:04 | INFO: Blender create Mesh node osm-way-858824308
00:11:04 | INFO: Blender create Mesh node osm-way-858824309
00:11:04 | INFO: Blender create Mesh node osm-way-858824310
00:11:04 | INFO: Blender create Mesh node osm-way-858824311
00:11:04 | INFO: Blender create Mesh node osm-way-858824312
00:11:04 | INFO: Blender create Mesh node osm-way-858824313
00:11:04 | INFO: Blender create Mesh node osm-way-858824314
00:11:04 | INFO: Blender create Mesh node osm-way-858824315
00:11:04 | INFO: Blender create Mesh node osm-way-858824316
00:11:04 | INFO: Blender create Mesh node osm-way-858824318
00:11:04 | INFO: Blender create Mesh node osm-way-858824320
00:11:04 | INFO: Blender create Mesh node osm-way-858824326
00:11:04 | INFO: Blender create Mesh node osm-way-858824332
00:11:04 | INFO: Blender create Mesh node osm-way-858824333
00:11:04 | INFO: Blender create Mesh node osm-way-858824334
00:11:04 | INFO: Blender create Mesh node osm-way-858824335
00:11:04 | INFO: Blender create Mesh node osm-way-858824336
00:11:04 | INFO: Blender create Mesh node osm-way-858824337
00:11:04 | INFO: Blender create Mesh node osm-way-858824338
00:11:04 | INFO: Blender create Mesh node osm-way-858824339
00:11:04 | INFO: Blender create Mesh node osm-way-858824340
00:11:04 | INFO: Blender create Mesh node osm-way-858824341
00:11:04 | INFO: Blender create Mesh node osm-way-858824342
00:11:04 | INFO: Blender create Mesh node osm-way-858824343
00:11:04 | INFO: Blender create Mesh node osm-way-858824344
00:11:04 | INFO: Blender create Mesh node osm-way-858824345
00:11:04 | INFO: Blender create Mesh node osm-way-858824346
00:11:04 | INFO: Blender create Mesh node osm-way-858824347
00:11:04 | INFO: Blender create Mesh node osm-way-858824348
00:11:04 | INFO: Blender create Mesh node osm-way-858824349
00:11:04 | INFO: Blender create Mesh node osm-way-858824350
00:11:04 | INFO: Blender create Mesh node osm-way-858824351
00:11:04 | INFO: Blender create Mesh node osm-way-858824352
00:11:04 | INFO: Blender create Mesh node osm-way-858824353
00:11:04 | INFO: Blender create Mesh node osm-way-858824354
00:11:04 | INFO: Blender create Mesh node osm-way-858824355
00:11:04 | INFO: Blender create Mesh node osm-way-858824356
00:11:04 | INFO: Blender create Mesh node osm-way-858824357
00:11:04 | INFO: Blender create Mesh node osm-way-858824363
00:11:04 | INFO: Blender create Mesh node osm-way-858824364
00:11:04 | INFO: Blender create Mesh node osm-way-858824367
00:11:04 | INFO: Blender create Mesh node osm-way-858838998
00:11:04 | INFO: Blender create Mesh node osm-way-858839000
00:11:04 | INFO: Blender create Mesh node osm-way-859488665
00:11:04 | INFO: Blender create Mesh node osm-way-899205733
00:11:04 | INFO: Blender create Mesh node osm-way-899205734
00:11:04 | INFO: Blender create Mesh node osm-way-899205735
00:11:04 | INFO: Blender create Mesh node osm-way-899205736
00:11:04 | INFO: Blender create Mesh node osm-way-900252577
00:11:04 | INFO: Blender create Mesh node osm-way-948045836
00:11:04 | INFO: Blender create Mesh node osm-way-948057320
00:11:04 | INFO: Blender create Mesh node osm-way-948059114
00:11:04 | INFO: Blender create Mesh node osm-way-948059115
00:11:04 | INFO: Blender create Mesh node osm-way-948878100
00:11:04 | INFO: Blender create Mesh node osm-way-952180426
00:11:04 | INFO: Blender create Mesh node osm-way-952180427
00:11:04 | INFO: Blender create Mesh node osm-way-952180429
00:11:04 | INFO: Blender create Mesh node osm-way-952180430
00:11:04 | INFO: Blender create Mesh node osm-way-952180431
00:11:04 | INFO: Blender create Mesh node osm-way-956369929
00:11:04 | INFO: Blender create Mesh node osm-way-956369930
00:11:04 | INFO: Blender create Mesh node osm-way-956369931
00:11:04 | INFO: Blender create Mesh node osm-way-956369932
00:11:04 | INFO: Blender create Mesh node osm-way-956369933
00:11:04 | INFO: Blender create Mesh node osm-way-956369934
00:11:04 | INFO: Blender create Mesh node osm-way-956369935
00:11:04 | INFO: Blender create Mesh node osm-way-956369936
00:11:04 | INFO: Blender create Mesh node osm-way-956369937
00:11:04 | INFO: Blender create Mesh node osm-way-956369938
00:11:04 | INFO: Blender create Mesh node osm-way-956369939
00:11:04 | INFO: Blender create Mesh node osm-way-956369940
00:11:04 | INFO: Blender create Mesh node osm-way-956369941
00:11:04 | INFO: Blender create Mesh node osm-way-956369942
00:11:04 | INFO: Blender create Mesh node osm-way-956369943
00:11:04 | INFO: Blender create Mesh node osm-way-956369944
00:11:04 | INFO: Blender create Mesh node osm-way-956369945
00:11:04 | INFO: Blender create Mesh node osm-way-956369946
00:11:04 | INFO: Blender create Mesh node osm-way-956369947
00:11:04 | INFO: Blender create Mesh node osm-way-956369948
00:11:04 | INFO: Blender create Mesh node osm-way-956369949
00:11:04 | INFO: Blender create Mesh node osm-way-956369950
00:11:04 | INFO: Blender create Mesh node osm-way-956369951
00:11:04 | INFO: Blender create Mesh node osm-way-956369952
00:11:04 | INFO: Blender create Mesh node osm-way-956369953
00:11:04 | INFO: Blender create Mesh node osm-way-957008754
00:11:04 | INFO: Blender create Mesh node osm-way-957008755
00:11:04 | INFO: Blender create Mesh node osm-way-957008756
00:11:04 | INFO: Blender create Mesh node osm-way-957008757
00:11:04 | INFO: Blender create Mesh node osm-way-957008758
00:11:04 | INFO: Blender create Mesh node osm-way-957008759
00:11:04 | INFO: Blender create Mesh node osm-way-957008760
00:11:04 | INFO: Blender create Mesh node osm-way-957008761
00:11:04 | INFO: Blender create Mesh node osm-way-957008762
00:11:04 | INFO: Blender create Mesh node osm-way-957008763
00:11:04 | INFO: Blender create Mesh node osm-way-957008764
00:11:04 | INFO: Blender create Mesh node osm-way-957008765
00:11:04 | INFO: Blender create Mesh node osm-way-957008766
00:11:04 | INFO: Blender create Mesh node osm-way-957008767
00:11:04 | INFO: Blender create Mesh node osm-way-957008768
00:11:04 | INFO: Blender create Mesh node osm-way-957008769
00:11:04 | INFO: Blender create Mesh node osm-way-957008770
00:11:04 | INFO: Blender create Mesh node osm-way-957008771
00:11:04 | INFO: Blender create Mesh node osm-way-957008772
00:11:04 | INFO: Blender create Mesh node osm-way-957008773
00:11:04 | INFO: Blender create Mesh node osm-way-957008774
00:11:04 | INFO: Blender create Mesh node osm-way-957008775
00:11:04 | INFO: Blender create Mesh node osm-way-957008776
00:11:04 | INFO: Blender create Mesh node osm-way-957008777
00:11:04 | INFO: Blender create Mesh node osm-way-957008778
00:11:04 | INFO: Blender create Mesh node osm-way-957008779
00:11:04 | INFO: Blender create Mesh node osm-way-957008789
00:11:04 | INFO: Blender create Mesh node osm-way-957008790
00:11:04 | INFO: Blender create Mesh node osm-way-957008799
00:11:04 | INFO: Blender create Mesh node osm-way-957008801
00:11:04 | INFO: Blender create Mesh node osm-way-957019599
00:11:04 | INFO: Blender create Mesh node osm-way-957019600
00:11:04 | INFO: Blender create Mesh node osm-way-957019601
00:11:04 | INFO: Blender create Mesh node osm-way-957019602
00:11:04 | INFO: Blender create Mesh node osm-way-957019603
00:11:04 | INFO: Blender create Mesh node osm-way-957019604
00:11:04 | INFO: Blender create Mesh node osm-way-957019605
00:11:04 | INFO: Blender create Mesh node osm-way-957019606
00:11:04 | INFO: Blender create Mesh node osm-way-957019607
00:11:04 | INFO: Blender create Mesh node osm-way-957019608
00:11:04 | INFO: Blender create Mesh node osm-way-957019609
00:11:04 | INFO: Blender create Mesh node osm-way-957019610
00:11:04 | INFO: Blender create Mesh node osm-way-957019611
00:11:04 | INFO: Blender create Mesh node osm-way-957019612
00:11:04 | INFO: Blender create Mesh node osm-way-957019613
00:11:04 | INFO: Blender create Mesh node osm-way-957019614
00:11:04 | INFO: Blender create Mesh node osm-way-957019615
00:11:04 | INFO: Blender create Mesh node osm-way-957019616
00:11:04 | INFO: Blender create Mesh node osm-way-957019617
00:11:04 | INFO: Blender create Mesh node osm-way-957019618
00:11:04 | INFO: Blender create Mesh node osm-way-957019619
00:11:04 | INFO: Blender create Mesh node osm-way-957019620
00:11:04 | INFO: Blender create Mesh node osm-way-957019621
00:11:04 | INFO: Blender create Mesh node osm-way-957019622
00:11:04 | INFO: Blender create Mesh node osm-way-957019623
00:11:04 | INFO: Blender create Mesh node osm-way-957019624
00:11:04 | INFO: Blender create Mesh node osm-way-957019625
00:11:04 | INFO: Blender create Mesh node osm-way-957019626
00:11:04 | INFO: Blender create Mesh node osm-way-957019627
00:11:05 | INFO: Blender create Mesh node osm-way-957019629
00:11:05 | INFO: Blender create Mesh node osm-way-957019630
00:11:05 | INFO: Blender create Mesh node osm-way-957019631
00:11:05 | INFO: Blender create Mesh node osm-way-957019632
00:11:05 | INFO: Blender create Mesh node osm-way-957019633
00:11:05 | INFO: Blender create Mesh node osm-way-957019634
00:11:05 | INFO: Blender create Mesh node osm-way-957019635
00:11:05 | INFO: Blender create Mesh node osm-way-957019636
00:11:05 | INFO: Blender create Mesh node osm-way-957019637
00:11:05 | INFO: Blender create Mesh node osm-way-957019638
00:11:05 | INFO: Blender create Mesh node osm-way-957019639
00:11:05 | INFO: Blender create Mesh node osm-way-957019640
00:11:05 | INFO: Blender create Mesh node osm-way-957019644
00:11:05 | INFO: Blender create Mesh node osm-way-957019645
00:11:05 | INFO: Blender create Mesh node osm-way-957019646
00:11:05 | INFO: Blender create Mesh node osm-way-957019647
00:11:05 | INFO: Blender create Mesh node osm-way-957019648
00:11:05 | INFO: Blender create Mesh node osm-way-957019649
00:11:05 | INFO: Blender create Mesh node osm-way-957019650
00:11:05 | INFO: Blender create Mesh node osm-way-957019651
00:11:05 | INFO: Blender create Mesh node osm-way-957019652
00:11:05 | INFO: Blender create Mesh node osm-way-957019653
00:11:05 | INFO: Blender create Mesh node osm-way-957019654
00:11:05 | INFO: Blender create Mesh node osm-way-957451683
00:11:05 | INFO: Blender create Mesh node osm-way-957451684
00:11:05 | INFO: Blender create Mesh node osm-way-957451685
00:11:05 | INFO: Blender create Mesh node osm-way-957451686
00:11:05 | INFO: Blender create Mesh node osm-way-957451687
00:11:05 | INFO: Blender create Mesh node osm-way-957451688
00:11:05 | INFO: Blender create Mesh node osm-way-957451691
00:11:05 | INFO: Blender create Mesh node osm-way-957451692
00:11:05 | INFO: Blender create Mesh node osm-way-957451693
00:11:05 | INFO: Blender create Mesh node osm-way-957451694
00:11:05 | INFO: Blender create Mesh node osm-way-957451695
00:11:05 | INFO: Blender create Mesh node osm-way-957451696
00:11:05 | INFO: Blender create Mesh node osm-way-957451697
00:11:05 | INFO: Blender create Mesh node osm-way-957451698
00:11:05 | INFO: Blender create Mesh node osm-way-957451699
00:11:05 | INFO: Blender create Mesh node osm-way-957451700
00:11:05 | INFO: Blender create Mesh node osm-way-957451703
00:11:05 | INFO: Blender create Mesh node osm-way-957451704
00:11:05 | INFO: Blender create Mesh node osm-way-957451705
00:11:05 | INFO: Blender create Mesh node osm-way-957451706
00:11:05 | INFO: Blender create Mesh node osm-way-957451707
00:11:05 | INFO: Blender create Mesh node osm-way-957451708
00:11:05 | INFO: Blender create Mesh node osm-way-957451709
00:11:05 | INFO: Blender create Mesh node osm-way-957451710
00:11:05 | INFO: Blender create Mesh node osm-way-957451713
00:11:05 | INFO: Blender create Mesh node osm-way-957451714
00:11:05 | INFO: Blender create Mesh node osm-way-957451715
00:11:05 | INFO: Blender create Mesh node osm-way-957451716
00:11:05 | INFO: Blender create Mesh node osm-way-957451717
00:11:05 | INFO: Blender create Mesh node osm-way-957451718
00:11:05 | INFO: Blender create Mesh node osm-way-957451719
00:11:05 | INFO: Blender create Mesh node osm-way-957451720
00:11:05 | INFO: Blender create Mesh node osm-way-957451721
00:11:05 | INFO: Blender create Mesh node osm-way-957451722
00:11:05 | INFO: Blender create Mesh node osm-way-957451724
00:11:05 | INFO: Blender create Mesh node osm-way-957451725
00:11:05 | INFO: Blender create Mesh node osm-way-957451726
00:11:05 | INFO: Blender create Mesh node osm-way-957451728
00:11:05 | INFO: Blender create Mesh node osm-way-957455556
00:11:05 | INFO: Blender create Mesh node osm-way-957455557
00:11:05 | INFO: Blender create Mesh node osm-way-957455558
00:11:05 | INFO: Blender create Mesh node osm-way-957455559
00:11:05 | INFO: Blender create Mesh node osm-way-957456630
00:11:05 | INFO: Blender create Mesh node osm-way-957456631
00:11:05 | INFO: Blender create Mesh node osm-way-958766046
00:11:05 | INFO: Blender create Mesh node osm-way-958766051
00:11:05 | INFO: Blender create Mesh node osm-way-958766052
00:11:05 | INFO: Blender create Mesh node osm-way-958766060
00:11:05 | INFO: Blender create Mesh node osm-way-958766061
00:11:05 | INFO: Blender create Mesh node osm-way-958766062
00:11:05 | INFO: Blender create Mesh node osm-way-958766063
00:11:05 | INFO: Blender create Mesh node osm-way-958766067
00:11:05 | INFO: Blender create Mesh node osm-way-958766068
00:11:05 | INFO: Blender create Mesh node osm-way-958766069
00:11:05 | INFO: Blender create Mesh node osm-way-958766070
00:11:05 | INFO: Blender create Mesh node osm-way-958766073
00:11:05 | INFO: Blender create Mesh node osm-way-958766074
00:11:05 | INFO: Blender create Mesh node osm-way-958766075
00:11:05 | INFO: Blender create Mesh node osm-way-958766084
00:11:05 | INFO: Blender create Mesh node osm-way-958766085
00:11:05 | INFO: Blender create Mesh node osm-way-958766086
00:11:05 | INFO: Blender create Mesh node osm-way-958766101
00:11:05 | INFO: Blender create Mesh node osm-way-958766131
00:11:05 | INFO: Blender create Mesh node osm-way-958766132
00:11:05 | INFO: Blender create Mesh node osm-way-959022775
00:11:05 | INFO: Blender create Mesh node osm-way-959022776
00:11:05 | INFO: Blender create Mesh node osm-way-959022777
00:11:05 | INFO: Blender create Mesh node osm-way-959022778
00:11:05 | INFO: Blender create Mesh node osm-way-959022779
00:11:05 | INFO: Blender create Mesh node osm-way-959022780
00:11:05 | INFO: Blender create Mesh node osm-way-959022781
00:11:05 | INFO: Blender create Mesh node osm-way-959022782
00:11:05 | INFO: Blender create Mesh node osm-way-959022793
00:11:05 | INFO: Blender create Mesh node osm-way-959022794
00:11:05 | INFO: Blender create Mesh node osm-way-959022795
00:11:05 | INFO: Blender create Mesh node osm-way-959022804
00:11:05 | INFO: Blender create Mesh node osm-way-959022805
00:11:05 | INFO: Blender create Mesh node osm-way-959022806
00:11:05 | INFO: Blender create Mesh node osm-way-959022807
00:11:05 | INFO: Blender create Mesh node osm-way-959022808
00:11:05 | INFO: Blender create Mesh node osm-way-959022809
00:11:05 | INFO: Blender create Mesh node osm-way-959022810
00:11:05 | INFO: Blender create Mesh node osm-way-959022811
00:11:05 | INFO: Blender create Mesh node osm-way-959022814
00:11:05 | INFO: Blender create Mesh node osm-way-959022815
00:11:05 | INFO: Blender create Mesh node osm-way-959022816
00:11:05 | INFO: Blender create Mesh node osm-way-959022817
00:11:05 | INFO: Blender create Mesh node osm-way-959022818
00:11:05 | INFO: Blender create Mesh node osm-way-959022819
00:11:05 | INFO: Blender create Mesh node osm-way-959022820
00:11:05 | INFO: Blender create Mesh node osm-way-959022821
00:11:05 | INFO: Blender create Mesh node osm-way-959022822
00:11:05 | INFO: Blender create Mesh node osm-way-959022823
00:11:05 | INFO: Blender create Mesh node osm-way-959022824
00:11:05 | INFO: Blender create Mesh node osm-way-959022825
00:11:05 | INFO: Blender create Mesh node osm-way-959022826
00:11:05 | INFO: Blender create Mesh node osm-way-959022834
00:11:05 | INFO: Blender create Mesh node osm-way-959064094
00:11:05 | INFO: Blender create Mesh node osm-way-959064095
00:11:05 | INFO: Blender create Mesh node osm-way-959064096
00:11:05 | INFO: Blender create Mesh node osm-way-959064097
00:11:05 | INFO: Blender create Mesh node osm-way-959064107
00:11:05 | INFO: Blender create Mesh node osm-way-959064108
00:11:05 | INFO: Blender create Mesh node osm-way-959064109
00:11:05 | INFO: Blender create Mesh node osm-way-959064110
00:11:05 | INFO: Blender create Mesh node osm-way-959064111
00:11:05 | INFO: Blender create Mesh node osm-way-959064112
00:11:05 | INFO: Blender create Mesh node osm-way-959064114
00:11:05 | INFO: Blender create Mesh node osm-way-959064115
00:11:05 | INFO: Blender create Mesh node osm-way-959064121
00:11:05 | INFO: Blender create Mesh node osm-way-959064122
00:11:05 | INFO: Blender create Mesh node osm-way-959649118
00:11:05 | INFO: Blender create Mesh node osm-way-959649119
00:11:05 | INFO: Blender create Mesh node osm-way-959649120
00:11:05 | INFO: Blender create Mesh node osm-way-960774471
00:11:05 | INFO: Blender create Mesh node osm-way-960774472
00:11:05 | INFO: Blender create Mesh node osm-way-960774473
00:11:05 | INFO: Blender create Mesh node osm-way-960774474
00:11:05 | INFO: Blender create Mesh node osm-way-960774475
00:11:05 | INFO: Blender create Mesh node osm-way-960774476
00:11:05 | INFO: Blender create Mesh node osm-way-960774477
00:11:05 | INFO: Blender create Mesh node osm-way-960774478
00:11:05 | INFO: Blender create Mesh node osm-way-960774479
00:11:05 | INFO: Blender create Mesh node osm-way-960774480
00:11:05 | INFO: Blender create Mesh node osm-way-960774481
00:11:05 | INFO: Blender create Mesh node osm-way-960774482
00:11:05 | INFO: Blender create Mesh node osm-way-960774483
00:11:05 | INFO: Blender create Mesh node osm-way-960774484
00:11:05 | INFO: Blender create Mesh node osm-way-960774485
00:11:05 | INFO: Blender create Mesh node osm-way-960774486
00:11:05 | INFO: Blender create Mesh node osm-way-960774487
00:11:05 | INFO: Blender create Mesh node osm-way-960774488
00:11:05 | INFO: Blender create Mesh node osm-way-960774489
00:11:05 | INFO: Blender create Mesh node osm-way-960774492
00:11:05 | INFO: Blender create Mesh node osm-way-960774493
00:11:05 | INFO: Blender create Mesh node osm-way-960774495
00:11:05 | INFO: Blender create Mesh node osm-way-960774496
00:11:05 | INFO: Blender create Mesh node osm-way-960774498
00:11:05 | INFO: Blender create Mesh node osm-way-960774503
00:11:05 | INFO: Blender create Mesh node osm-way-960774510
00:11:05 | INFO: Blender create Mesh node osm-way-960774513
00:11:05 | INFO: Blender create Mesh node osm-way-960774514
00:11:05 | INFO: Blender create Mesh node osm-way-960774515
00:11:05 | INFO: Blender create Mesh node osm-way-960774516
00:11:05 | INFO: Blender create Mesh node osm-way-960774517
00:11:05 | INFO: Blender create Mesh node osm-way-960774520
00:11:05 | INFO: Blender create Mesh node osm-way-960774521
00:11:05 | INFO: Blender create Mesh node osm-way-960774523
00:11:05 | INFO: Blender create Mesh node osm-way-960774524
00:11:05 | INFO: Blender create Mesh node osm-way-960774525
00:11:05 | INFO: Blender create Mesh node osm-way-960774526
00:11:05 | INFO: Blender create Mesh node osm-way-960774527
00:11:05 | INFO: Blender create Mesh node osm-way-960774528
00:11:05 | INFO: Blender create Mesh node osm-way-960774529
00:11:05 | INFO: Blender create Mesh node osm-way-960774530
00:11:05 | INFO: Blender create Mesh node osm-way-960774531
00:11:05 | INFO: Blender create Mesh node osm-way-960774532
00:11:05 | INFO: Blender create Mesh node osm-way-960774533
00:11:05 | INFO: Blender create Mesh node osm-way-960774534
00:11:05 | INFO: Blender create Mesh node osm-way-960774535
00:11:05 | INFO: Blender create Mesh node osm-way-961069819
00:11:05 | INFO: Blender create Mesh node osm-way-961069820
00:11:05 | INFO: Blender create Mesh node osm-way-961069821
00:11:05 | INFO: Blender create Mesh node osm-way-961069822
00:11:05 | INFO: Blender create Mesh node osm-way-961069823
00:11:05 | INFO: Blender create Mesh node osm-way-961069824
00:11:05 | INFO: Blender create Mesh node osm-way-961069825
00:11:05 | INFO: Blender create Mesh node osm-way-961069826
00:11:05 | INFO: Blender create Mesh node osm-way-961069827
00:11:05 | INFO: Blender create Mesh node osm-way-961069828
00:11:05 | INFO: Blender create Mesh node osm-way-961069829
00:11:05 | INFO: Blender create Mesh node osm-way-961069830
00:11:05 | INFO: Blender create Mesh node osm-way-961069831
00:11:05 | INFO: Blender create Mesh node osm-way-961069832
00:11:05 | INFO: Blender create Mesh node osm-way-961069833
00:11:05 | INFO: Blender create Mesh node osm-way-961069834
00:11:05 | INFO: Blender create Mesh node osm-way-961069835
00:11:05 | INFO: Blender create Mesh node osm-way-961069836
00:11:05 | INFO: Blender create Mesh node osm-way-961069837
00:11:05 | INFO: Blender create Mesh node osm-way-961069838
00:11:05 | INFO: Blender create Mesh node osm-way-961069839
00:11:05 | INFO: Blender create Mesh node osm-way-961069840
00:11:05 | INFO: Blender create Mesh node osm-way-961069841
00:11:05 | INFO: Blender create Mesh node osm-way-961069842
00:11:05 | INFO: Blender create Mesh node osm-way-961069843
00:11:05 | INFO: Blender create Mesh node osm-way-961069844
00:11:05 | INFO: Blender create Mesh node osm-way-961069845
00:11:05 | INFO: Blender create Mesh node osm-way-961069846
00:11:05 | INFO: Blender create Mesh node osm-way-961069847
00:11:05 | INFO: Blender create Mesh node osm-way-961069848
00:11:05 | INFO: Blender create Mesh node osm-way-961069851
00:11:05 | INFO: Blender create Mesh node osm-way-961069852
00:11:05 | INFO: Blender create Mesh node osm-way-961322834
00:11:05 | INFO: Blender create Mesh node osm-way-961322837
00:11:05 | INFO: Blender create Mesh node osm-way-961322838
00:11:05 | INFO: Blender create Mesh node osm-way-961322841
00:11:05 | INFO: Blender create Mesh node osm-way-961322842
00:11:05 | INFO: Blender create Mesh node osm-way-961322843
00:11:05 | INFO: Blender create Mesh node osm-way-961322844
00:11:05 | INFO: Blender create Mesh node osm-way-961322860
00:11:05 | INFO: Blender create Mesh node osm-way-961634158
00:11:05 | INFO: Blender create Mesh node osm-way-961656405
00:11:05 | INFO: Blender create Mesh node osm-way-961656406
00:11:05 | INFO: Blender create Mesh node osm-way-964254608
00:11:05 | INFO: Blender create Mesh node osm-way-964254609
00:11:05 | INFO: Blender create Mesh node osm-way-964254610
00:11:05 | INFO: Blender create Mesh node osm-way-964254611
00:11:05 | INFO: Blender create Mesh node osm-way-964254612
00:11:05 | INFO: Blender create Mesh node osm-way-964254613
00:11:05 | INFO: Blender create Mesh node osm-way-964254617
00:11:05 | INFO: Blender create Mesh node osm-way-964254618
00:11:05 | INFO: Blender create Mesh node osm-way-964254619
00:11:05 | INFO: Blender create Mesh node osm-way-964254620
00:11:05 | INFO: Blender create Mesh node osm-way-964254621
00:11:05 | INFO: Blender create Mesh node osm-way-964254622
00:11:05 | INFO: Blender create Mesh node osm-way-964254623
00:11:05 | INFO: Blender create Mesh node osm-way-964254624
00:11:05 | INFO: Blender create Mesh node osm-way-964254625
00:11:05 | INFO: Blender create Mesh node osm-way-964254626
00:11:05 | INFO: Blender create Mesh node osm-way-964254627
00:11:05 | INFO: Blender create Mesh node osm-way-964254628
00:11:05 | INFO: Blender create Mesh node osm-way-964254629
00:11:05 | INFO: Blender create Mesh node osm-way-964254630
00:11:05 | INFO: Blender create Mesh node osm-way-964254631
00:11:05 | INFO: Blender create Mesh node osm-way-964254632
00:11:05 | INFO: Blender create Mesh node osm-way-964254633
00:11:05 | INFO: Blender create Mesh node osm-way-964254634
00:11:05 | INFO: Blender create Mesh node osm-way-964254635
00:11:06 | INFO: Blender create Mesh node osm-way-964254636
00:11:06 | INFO: Blender create Mesh node osm-way-964254637
00:11:06 | INFO: Blender create Mesh node osm-way-964254638
00:11:06 | INFO: Blender create Mesh node osm-way-964254639
00:11:06 | INFO: Blender create Mesh node osm-way-964254640
00:11:06 | INFO: Blender create Mesh node osm-way-964254644
00:11:06 | INFO: Blender create Mesh node osm-way-964254645
00:11:06 | INFO: Blender create Mesh node osm-way-964254646
00:11:06 | INFO: Blender create Mesh node osm-way-964254647
00:11:06 | INFO: Blender create Mesh node osm-way-964254648
00:11:06 | INFO: Blender create Mesh node osm-way-964405391
00:11:06 | INFO: Blender create Mesh node osm-way-964405392
00:11:06 | INFO: Blender create Mesh node osm-way-964405396
00:11:06 | INFO: Blender create Mesh node osm-way-964405397
00:11:06 | INFO: Blender create Mesh node osm-way-964405398
00:11:06 | INFO: Blender create Mesh node osm-way-964405399
00:11:06 | INFO: Blender create Mesh node osm-way-964405400
00:11:06 | INFO: Blender create Mesh node osm-way-964420073
00:11:06 | INFO: Blender create Mesh node osm-way-964420074
00:11:06 | INFO: Blender create Mesh node osm-way-964420088
00:11:06 | INFO: Blender create Mesh node osm-way-964420090
00:11:06 | INFO: Blender create Mesh node osm-way-964420091
00:11:06 | INFO: Blender create Mesh node osm-way-964420099
00:11:06 | INFO: Blender create Mesh node osm-way-964420100
00:11:06 | INFO: Blender create Mesh node osm-way-964420103
00:11:06 | INFO: Blender create Mesh node osm-way-964420104
00:11:06 | INFO: Blender create Mesh node osm-way-964420112
00:11:06 | INFO: Blender create Mesh node osm-way-964420121
00:11:06 | INFO: Blender create Mesh node osm-way-964420122
00:11:06 | INFO: Blender create Mesh node osm-way-964420123
00:11:06 | INFO: Blender create Mesh node osm-way-964420124
00:11:06 | INFO: Blender create Mesh node osm-way-964420126
00:11:06 | INFO: Blender create Mesh node osm-way-964420127
00:11:06 | INFO: Blender create Mesh node osm-way-964420128
00:11:06 | INFO: Blender create Mesh node osm-way-964420135
00:11:06 | INFO: Blender create Mesh node osm-way-964446742
00:11:06 | INFO: Blender create Mesh node osm-way-964446750
00:11:06 | INFO: Blender create Mesh node osm-way-964446762
00:11:06 | INFO: Blender create Mesh node osm-way-964446774
00:11:06 | INFO: Blender create Mesh node osm-way-964446779
00:11:06 | INFO: Blender create Mesh node osm-way-964451996
00:11:06 | INFO: Blender create Mesh node osm-way-964452000
00:11:06 | INFO: Blender create Mesh node osm-way-964452001
00:11:06 | INFO: Blender create Mesh node osm-way-964452012
00:11:06 | INFO: Blender create Mesh node osm-way-965004722
00:11:06 | INFO: Blender create Mesh node osm-way-965004725
00:11:06 | INFO: Blender create Mesh node osm-way-965004727
00:11:06 | INFO: Blender create Mesh node osm-way-965004728
00:11:06 | INFO: Blender create Mesh node osm-way-965004729
00:11:06 | INFO: Blender create Mesh node osm-way-965004730
00:11:06 | INFO: Blender create Mesh node osm-way-965004734
00:11:06 | INFO: Blender create Mesh node osm-way-965004738
00:11:06 | INFO: Blender create Mesh node osm-way-965004744
00:11:06 | INFO: Blender create Mesh node osm-way-965004762
00:11:06 | INFO: Blender create Mesh node osm-way-965004763
00:11:06 | INFO: Blender create Mesh node osm-way-965004764
00:11:06 | INFO: Blender create Mesh node osm-way-965004765
00:11:06 | INFO: Blender create Mesh node osm-way-965004773
00:11:06 | INFO: Blender create Mesh node osm-way-965030430
00:11:06 | INFO: Blender create Mesh node osm-way-965030432
00:11:06 | INFO: Blender create Mesh node osm-way-965030443
00:11:06 | INFO: Blender create Mesh node osm-way-965030475
00:11:06 | INFO: Blender create Mesh node osm-way-965047353
00:11:06 | INFO: Blender create Mesh node osm-way-965049034
00:11:06 | INFO: Blender create Mesh node osm-way-965081037
00:11:06 | INFO: Blender create Mesh node osm-way-967274327
00:11:06 | INFO: Blender create Mesh node osm-way-967274328
00:11:06 | INFO: Blender create Mesh node osm-way-967274329
00:11:06 | INFO: Blender create Mesh node osm-way-967274361
00:11:06 | INFO: Blender create Mesh node osm-way-967274363
00:11:06 | INFO: Blender create Mesh node osm-way-967274364
00:11:06 | INFO: Blender create Mesh node osm-way-967274421
00:11:06 | INFO: Blender create Mesh node osm-way-967274424
00:11:06 | INFO: Blender create Mesh node osm-way-967274425
00:11:06 | INFO: Blender create Mesh node osm-way-967274426
00:11:06 | INFO: Blender create Mesh node osm-way-967279346
00:11:06 | INFO: Blender create Mesh node osm-way-967279393
00:11:06 | INFO: Blender create Mesh node osm-way-967281056
00:11:06 | INFO: Blender create Mesh node osm-way-967281057
00:11:06 | INFO: Blender create Mesh node osm-way-967281058
00:11:06 | INFO: Blender create Mesh node osm-way-967835498
00:11:06 | INFO: Blender create Mesh node osm-way-967835500
00:11:06 | INFO: Blender create Mesh node osm-way-967835520
00:11:06 | INFO: Blender create Mesh node osm-way-967835535
00:11:06 | INFO: Blender create Mesh node osm-way-967835536
00:11:06 | INFO: Blender create Mesh node osm-way-967835538
00:11:06 | INFO: Blender create Mesh node osm-way-967835567
00:11:06 | INFO: Blender create Mesh node osm-way-969466751
00:11:06 | INFO: Blender create Mesh node osm-way-969466756
00:11:06 | INFO: Blender create Mesh node osm-way-969466766
00:11:06 | INFO: Blender create Mesh node osm-way-969466778
00:11:06 | INFO: Blender create Mesh node osm-way-969466779
00:11:06 | INFO: Blender create Mesh node osm-way-969466780
00:11:06 | INFO: Blender create Mesh node osm-way-969466781
00:11:06 | INFO: Blender create Mesh node osm-way-969466782
00:11:06 | INFO: Blender create Mesh node osm-way-969466783
00:11:06 | INFO: Blender create Mesh node osm-way-969466784
00:11:06 | INFO: Blender create Mesh node osm-way-969466786
00:11:06 | INFO: Blender create Mesh node osm-way-969466805
00:11:06 | INFO: Blender create Mesh node osm-way-981198287
00:11:06 | INFO: Blender create Mesh node osm-way-988162956
00:11:06 | INFO: Blender create Mesh node osm-way-1068995701
00:11:06 | INFO: Blender create Mesh node osm-way-1068995703
00:11:06 | INFO: Blender create Mesh node osm-way-1068995704
00:11:06 | INFO: Blender create Mesh node osm-way-1077146598
00:11:06 | INFO: Blender create Mesh node osm-way-1090253906
00:11:06 | INFO: Blender create Mesh node osm-way-1154862079
00:11:06 | INFO: Blender create Mesh node osm-way-1156202587
00:11:06 | INFO: Blender create Mesh node osm-way-1156620261
00:11:06 | INFO: Blender create Mesh node osm-way-1156620263
00:11:06 | INFO: Blender create Mesh node osm-way-1156865542
00:11:06 | INFO: Blender create Mesh node osm-way-1156865543
00:11:06 | INFO: Blender create Mesh node osm-way-1156865544
00:11:06 | INFO: Blender create Mesh node osm-way-1196303149
00:11:06 | INFO: Blender create Mesh node osm-way-1196303150
00:11:06 | INFO: Blender create Mesh node osm-way-1196303151
00:11:06 | INFO: Blender create Mesh node osm-way-1196303152
00:11:06 | INFO: Blender create Mesh node osm-way-1196676110
00:11:06 | INFO: Blender create Mesh node osm-way-1196686832
00:11:06 | INFO: Blender create Mesh node osm-way-1196686833
00:11:06 | INFO: Blender create Mesh node osm-way-1196704492
00:11:06 | INFO: Blender create Mesh node osm-way-1196704493
00:11:06 | INFO: Blender create Mesh node osm-way-1196704494
00:11:06 | INFO: Blender create Mesh node osm-way-1196704499
00:11:06 | INFO: Blender create Mesh node osm-way-1196709515
00:11:06 | INFO: Blender create Mesh node osm-way-1196709516
00:11:06 | INFO: Blender create Mesh node osm-way-1196713223
00:11:06 | INFO: Blender create Mesh node osm-way-1196823089
00:11:06 | INFO: Blender create Mesh node osm-way-1196823090
00:11:06 | INFO: Blender create Mesh node osm-way-1196823091
00:11:06 | INFO: Blender create Mesh node osm-way-1196823092
00:11:06 | INFO: Blender create Mesh node osm-way-1196823093
00:11:06 | INFO: Blender create Mesh node osm-way-1196823094
00:11:06 | INFO: Blender create Mesh node osm-way-1196823095
00:11:06 | INFO: Blender create Mesh node osm-way-1196823096
00:11:06 | INFO: Blender create Mesh node osm-way-1196823097
00:11:06 | INFO: Blender create Mesh node osm-way-1196823098
00:11:06 | INFO: Blender create Mesh node osm-way-1196823102
00:11:06 | INFO: Blender create Mesh node osm-way-1196823103
00:11:06 | INFO: Blender create Mesh node osm-way-1197015324
00:11:06 | INFO: Blender create Mesh node osm-way-1197047251
00:11:06 | INFO: Blender create Mesh node osm-way-1197047252
00:11:06 | INFO: Blender create Mesh node osm-way-1197047253
00:11:06 | INFO: Blender create Mesh node osm-way-1197047254
00:11:06 | INFO: Blender create Mesh node osm-way-1197047255
00:11:06 | INFO: Blender create Mesh node osm-way-1197047256
00:11:06 | INFO: Blender create Mesh node osm-way-1197047257
00:11:06 | INFO: Blender create Mesh node osm-way-1197047258
00:11:06 | INFO: Blender create Mesh node osm-way-1197047259
00:11:06 | INFO: Blender create Mesh node osm-way-1197047260
00:11:06 | INFO: Blender create Mesh node osm-way-1197068350
00:11:06 | INFO: Blender create Mesh node osm-way-1197245615
00:11:06 | INFO: Blender create Mesh node osm-way-1197245616
00:11:06 | INFO: Blender create Mesh node osm-way-1197246865
00:11:06 | INFO: Blender create Mesh node osm-way-1197248204
00:11:06 | INFO: Blender create Mesh node osm-way-1197248205
00:11:06 | INFO: Blender create Mesh node osm-way-1197248206
00:11:06 | INFO: Blender create Mesh node osm-way-1197248207
00:11:06 | INFO: Blender create Mesh node osm-way-1197248208
00:11:06 | INFO: Blender create Mesh node osm-way-1197248209
00:11:06 | INFO: Blender create Mesh node osm-way-1197248210
00:11:06 | INFO: Blender create Mesh node osm-way-1197248211
00:11:06 | INFO: Blender create Mesh node osm-way-1197248212
00:11:06 | INFO: Blender create Mesh node osm-way-1197596635
00:11:06 | INFO: Blender create Mesh node osm-way-1197596636
00:11:06 | INFO: Blender create Mesh node osm-way-1197596637
00:11:06 | INFO: Blender create Mesh node osm-way-1197598051
00:11:06 | INFO: Blender create Mesh node osm-way-1197600165
00:11:06 | INFO: Blender create Mesh node osm-way-1197606023
00:11:06 | INFO: Blender create Mesh node osm-way-1197612259
00:11:06 | INFO: Blender create Mesh node osm-way-1197612260
00:11:06 | INFO: Blender create Mesh node osm-way-1197674361
00:11:06 | INFO: Blender create Mesh node osm-way-1197685190
00:11:06 | INFO: Blender create Mesh node osm-way-1197685191
00:11:06 | INFO: Blender create Mesh node osm-way-1197685192
00:11:06 | INFO: Blender create Mesh node osm-way-1197713703
00:11:06 | INFO: Blender create Mesh node osm-way-1197715829
00:11:06 | INFO: Blender create Mesh node osm-way-1197721337
00:11:06 | INFO: Blender create Mesh node osm-way-1197725294
00:11:06 | INFO: Blender create Mesh node osm-way-1197725297
00:11:06 | INFO: Blender create Mesh node osm-way-1197725298
00:11:06 | INFO: Blender create Mesh node osm-way-1197725299
00:11:06 | INFO: Blender create Mesh node osm-way-1197725300
00:11:06 | INFO: Blender create Mesh node osm-way-1197839028
00:11:06 | INFO: Blender create Mesh node osm-way-1197839029
00:11:06 | INFO: Blender create Mesh node osm-way-1197839030
00:11:06 | INFO: Blender create Mesh node osm-way-1197839031
00:11:06 | INFO: Blender create Mesh node osm-way-1197839032
00:11:06 | INFO: Blender create Mesh node osm-way-1197839033
00:11:06 | INFO: Blender create Mesh node osm-way-1197839034
00:11:06 | INFO: Blender create Mesh node osm-way-1197839035
00:11:06 | INFO: Blender create Mesh node osm-way-1197839036
00:11:06 | INFO: Blender create Mesh node osm-way-1197841534
00:11:06 | INFO: Blender create Mesh node osm-way-1197842260
00:11:06 | INFO: Blender create Mesh node osm-way-1197842261
00:11:06 | INFO: Blender create Mesh node osm-way-1197842262
00:11:06 | INFO: Blender create Mesh node osm-way-1197925704
00:11:06 | INFO: Blender create Mesh node osm-way-1198023179
00:11:06 | INFO: Blender create Mesh node osm-way-1198044608
00:11:06 | INFO: Blender create Mesh node osm-way-1198530145
00:11:06 | INFO: Blender create Mesh node osm-way-1198530146
00:11:06 | INFO: Blender create Mesh node osm-way-1198532835
00:11:06 | INFO: Blender create Mesh node osm-way-1198533063
00:11:06 | INFO: Blender create Mesh node osm-way-1198539445
00:11:06 | INFO: Blender create Mesh node osm-way-1198550837
00:11:06 | INFO: Blender create Mesh node osm-way-1198550838
00:11:06 | INFO: Blender create Mesh node osm-way-1198554860
00:11:06 | INFO: Blender create Mesh node osm-way-1198554861
00:11:06 | INFO: Blender create Mesh node osm-way-1198554862
00:11:06 | INFO: Blender create Mesh node osm-way-1198554863
00:11:06 | INFO: Blender create Mesh node osm-way-1198559398
00:11:06 | INFO: Blender create Mesh node osm-way-1198559399
00:11:06 | INFO: Blender create Mesh node osm-way-1198563493
00:11:06 | INFO: Blender create Mesh node osm-way-1198563494
00:11:06 | INFO: Blender create Mesh node osm-way-1198563495
00:11:06 | INFO: Blender create Mesh node osm-way-1198568463
00:11:06 | INFO: Blender create Mesh node osm-way-1198568464
00:11:07 | INFO: Blender create Mesh node osm-way-1198568465
00:11:07 | INFO: Blender create Mesh node osm-way-1198568466
00:11:07 | INFO: Blender create Mesh node osm-way-1198568467
00:11:07 | INFO: Blender create Mesh node osm-way-1198568468
00:11:07 | INFO: Blender create Mesh node osm-way-1198569400
00:11:07 | INFO: Blender create Mesh node osm-way-1198569401
00:11:07 | INFO: Blender create Mesh node osm-way-1198569402
00:11:07 | INFO: Blender create Mesh node osm-way-1198906117
00:11:07 | INFO: Blender create Mesh node osm-way-1198910484
00:11:07 | INFO: Blender create Mesh node osm-way-1198910485
00:11:07 | INFO: Blender create Mesh node osm-way-1198910486
00:11:07 | INFO: Blender create Mesh node osm-way-1198910487
00:11:07 | INFO: Blender create Mesh node osm-way-1198910488
00:11:07 | INFO: Blender create Mesh node osm-way-1198910491
00:11:07 | INFO: Blender create Mesh node osm-way-1198910495
00:11:07 | INFO: Blender create Mesh node osm-way-1198910496
00:11:07 | INFO: Blender create Mesh node osm-way-1198910497
00:11:07 | INFO: Blender create Mesh node osm-way-1198910498
00:11:07 | INFO: Blender create Mesh node osm-way-1198910499
00:11:07 | INFO: Blender create Mesh node osm-way-1198910500
00:11:07 | INFO: Blender create Mesh node osm-way-1198910501
00:11:07 | INFO: Blender create Mesh node osm-way-1198910508
00:11:07 | INFO: Blender create Mesh node osm-way-1198910510
00:11:07 | INFO: Blender create Mesh node osm-way-1198910514
00:11:07 | INFO: Blender create Mesh node osm-way-1198910515
00:11:07 | INFO: Blender create Mesh node osm-way-1198910517
00:11:07 | INFO: Blender create Mesh node osm-way-1198910518
00:11:07 | INFO: Blender create Mesh node osm-way-1198910519
00:11:07 | INFO: Blender create Mesh node osm-way-1198910520
00:11:07 | INFO: Blender create Mesh node osm-way-1198910521
00:11:07 | INFO: Blender create Mesh node osm-way-1198910522
00:11:07 | INFO: Blender create Mesh node osm-way-1198910523
00:11:07 | INFO: Blender create Mesh node osm-way-1198910524
00:11:07 | INFO: Blender create Mesh node osm-way-1198910525
00:11:07 | INFO: Blender create Mesh node osm-way-1202226026
00:11:07 | INFO: Blender create Mesh node osm-way-1203038194
00:11:07 | INFO: Blender create Mesh node osm-way-1204417680
00:11:07 | INFO: Blender create Mesh node osm-way-1208840254
00:11:07 | INFO: Blender create Mesh node osm-way-1208963076
00:11:07 | INFO: Blender create Mesh node osm-way-1209959236
00:11:07 | INFO: Blender create Mesh node osm-way-1211163026
00:11:07 | INFO: Blender create Mesh node osm-way-1211163027
00:11:07 | INFO: Blender create Mesh node osm-way-1211163028
00:11:07 | INFO: Blender create Mesh node osm-way-1211969174
00:11:07 | INFO: Blender create Mesh node osm-way-1235754994
00:11:07 | INFO: Blender create Mesh node osm-way-1235754995
00:11:07 | INFO: Blender create Mesh node osm-way-1235754996
00:11:07 | INFO: Blender create Mesh node osm-way-1235754997
00:11:07 | INFO: Blender create Mesh node osm-way-1235754998
00:11:07 | INFO: Blender create Mesh node osm-way-1235755000
00:11:07 | INFO: Blender create Mesh node osm-way-1267641082
00:11:07 | INFO: Blender create Mesh node osm-way-1267641083
00:11:07 | INFO: Blender create Mesh node osm-way-1267641084
00:11:07 | INFO: Blender create Mesh node osm-way-1267641085
00:11:07 | INFO: Blender create Mesh node osm-way-1267641086
00:11:07 | INFO: Blender create Mesh node osm-way-1267646406
00:11:07 | INFO: Blender create Mesh node osm-way-1267646407
00:11:07 | INFO: Blender create Mesh node osm-way-1267646408
00:11:07 | INFO: Blender create Mesh node osm-way-1267646409
00:11:07 | INFO: Blender create Mesh node osm-way-1267646410
00:11:07 | INFO: Blender create Mesh node osm-way-1267646411
00:11:07 | INFO: Blender create Mesh node osm-way-1267646412
00:11:07 | INFO: Blender create Mesh node osm-way-1267682862
00:11:07 | INFO: Blender create Mesh node osm-way-1267682863
00:11:07 | INFO: Blender create Mesh node osm-way-1267682864
00:11:07 | INFO: Blender create Mesh node osm-way-1267682865
00:11:07 | INFO: Blender create Mesh node osm-way-1267682866
00:11:07 | INFO: Blender create Mesh node osm-way-1267699489
00:11:07 | INFO: Blender create Mesh node osm-way-1267704258
00:11:07 | INFO: Blender create Mesh node osm-way-1273967870
00:11:07 | INFO: Blender create Mesh node osm-way-1273967871
00:11:07 | INFO: Blender create Mesh node osm-way-1273967872
00:11:07 | INFO: Blender create Mesh node osm-way-1273967873
00:11:07 | INFO: Blender create Mesh node osm-way-1273967874
00:11:07 | INFO: Blender create Mesh node osm-way-1273967875
00:11:07 | INFO: Blender create Mesh node osm-way-1273968311
00:11:07 | INFO: Blender create Mesh node osm-way-1273968312
00:11:07 | INFO: Blender create Mesh node osm-way-1273968313
00:11:07 | INFO: Blender create Mesh node osm-way-1273968314
00:11:07 | INFO: Blender create Mesh node osm-way-1273968315
00:11:07 | INFO: Blender create Mesh node osm-way-1273968316
00:11:07 | INFO: Blender create Mesh node osm-way-1273968317
00:11:07 | INFO: Blender create Mesh node osm-way-1273968318
00:11:07 | INFO: Blender create Mesh node osm-way-1273968319
00:11:07 | INFO: Blender create Mesh node osm-way-1279602004
00:11:07 | INFO: Blender create Mesh node osm-way-1285721989
00:11:07 | INFO: Blender create Mesh node osm-way-1286959171
00:11:07 | INFO: Blender create Mesh node osm-way-1286959172
00:11:07 | INFO: Blender create Mesh node osm-way-1286959173
00:11:07 | INFO: Blender create Mesh node osm-way-1286959174
00:11:07 | INFO: Blender create Mesh node osm-way-1286959175
00:11:07 | INFO: Blender create Mesh node osm-way-1286959176
00:11:07 | INFO: Blender create Mesh node osm-way-1287050296
00:11:07 | INFO: Blender create Mesh node osm-way-1287050297
00:11:07 | INFO: Blender create Mesh node osm-way-1287050298
00:11:07 | INFO: Blender create Mesh node osm-way-1287050299
00:11:07 | INFO: Blender create Mesh node osm-way-1287050300
00:11:07 | INFO: Blender create Mesh node osm-way-1287050301
00:11:07 | INFO: Blender create Mesh node osm-way-1317964105
00:11:07 | INFO: Blender create Mesh node osm-way-1317964106
00:11:07 | INFO: Blender create Mesh node osm-way-1318374446
00:11:07 | INFO: Blender create Mesh node osm-way-1318374447
00:11:07 | INFO: Blender create Mesh node osm-way-1318374448
00:11:07 | INFO: Blender create Mesh node osm-way-1318374449
00:11:07 | INFO: Blender create Mesh node osm-way-1318374450
00:11:07 | INFO: Blender create Mesh node osm-way-1318374451
00:11:07 | INFO: Blender create Mesh node osm-way-1318374452
00:11:07 | INFO: Blender create Mesh node osm-way-1318374453
00:11:07 | INFO: Blender create Mesh node osm-way-1318376921
00:11:07 | INFO: Blender create Mesh node osm-way-1318376922
00:11:07 | INFO: Blender create Mesh node osm-way-1318376923
00:11:07 | INFO: Blender create Mesh node osm-way-1318376929
00:11:07 | INFO: Blender create Mesh node osm-way-1318376930
00:11:07 | INFO: Blender create Mesh node osm-way-1318376931
00:11:07 | INFO: Blender create Mesh node osm-way-1318770895
00:11:07 | INFO: Blender create Mesh node osm-way-1318770896
00:11:07 | INFO: Blender create Mesh node osm-way-1318770897
00:11:07 | INFO: Blender create Mesh node osm-way-1320150892
00:11:07 | INFO: Blender create Mesh node osm-way-1320150893
00:11:07 | INFO: Blender create Mesh node osm-way-1320354280
00:11:07 | INFO: Blender create Mesh node osm-way-1322937143
00:11:07 | INFO: Blender create Mesh node osm-way-1322937145
00:11:07 | INFO: Blender create Mesh node osm-way-1322937146
00:11:07 | INFO: Blender create Mesh node osm-way-1322937147
00:11:07 | INFO: Blender create Mesh node osm-way-1322937148
00:11:07 | INFO: Blender create Mesh node osm-way-1323407614
00:11:07 | INFO: Blender create Mesh node osm-way-1323407615
00:11:07 | INFO: Blender create Mesh node osm-way-1323407616
00:11:07 | INFO: Blender create Mesh node osm-way-1323407617
00:11:07 | INFO: Blender create Mesh node osm-way-1323407618
00:11:07 | INFO: Blender create Mesh node osm-way-1323408463
00:11:07 | INFO: Blender create Mesh node osm-way-1323408464
00:11:07 | INFO: Blender create Mesh node osm-way-1323409271
00:11:07 | INFO: Blender create Mesh node osm-way-1323409272
00:11:07 | INFO: Blender create Mesh node osm-way-1323409273
00:11:07 | INFO: Blender create Mesh node osm-way-1323409557
00:11:07 | INFO: Blender create Mesh node osm-way-1323409630
00:11:07 | INFO: Blender create Mesh node osm-way-1323409631
00:11:07 | INFO: Blender create Mesh node osm-way-1327395985
00:11:07 | INFO: Blender create Mesh node osm-way-1327395986
00:11:07 | INFO: Blender create Mesh node osm-way-1327395987
00:11:07 | INFO: Blender create Mesh node osm-way-1330812582
00:11:07 | INFO: Blender create Mesh node osm-way-1330827679
00:11:07 | INFO: Blender create Mesh node osm-way-1330827680
00:11:07 | INFO: Blender create Mesh node osm-way-1330827681
00:11:07 | INFO: Blender create Mesh node osm-way-1330827682
00:11:07 | INFO: Blender create Mesh node osm-way-1330827683
00:11:07 | INFO: Blender create Mesh node osm-way-1330877679
00:11:07 | INFO: Blender create Mesh node osm-way-1330877680
00:11:07 | INFO: Blender create Mesh node osm-way-1331990218
00:11:07 | INFO: Blender create Mesh node osm-way-1333613411
00:11:07 | INFO: Blender create Mesh node osm-way-1333613412
00:11:07 | INFO: Blender create Mesh node osm-way-1333613413
00:11:07 | INFO: Blender create Mesh node osm-way-1333613414
00:11:07 | INFO: Blender create Mesh node osm-way-1333613415
00:11:07 | INFO: Blender create Mesh node osm-way-1333613416
00:11:07 | INFO: Blender create Mesh node osm-way-1333613417
00:11:07 | INFO: Blender create Mesh node osm-way-1341569515
00:11:07 | INFO: Blender create Mesh node osm-way-1343630535
00:11:07 | INFO: Blender create Mesh node osm-way-1352842809
00:11:07 | INFO: Blender create Mesh node osm-way-1352843192
00:11:07 | INFO: Blender create Mesh node osm-way-1356107953
00:11:07 | INFO: Blender create Mesh node osm-way-1370139917
00:11:07 | INFO: Blender create Mesh node osm-way-1370140183
00:11:07 | INFO: Blender create Mesh node osm-way-1370140184
00:11:07 | INFO: Blender create Mesh node osm-way-1370141325
00:11:07 | INFO: Blender create Mesh node osm-way-1370922136
00:11:07 | INFO: Blender create Mesh node osm-way-1370922137
00:11:07 | INFO: Blender create Mesh node osm-way-1370922138
00:11:07 | INFO: Blender create Mesh node osm-way-1370922139
00:11:07 | INFO: Blender create Mesh node osm-way-1370922140
00:11:07 | INFO: Blender create Mesh node osm-way-1370922141
00:11:07 | INFO: Blender create Mesh node osm-way-1371845602
00:11:07 | INFO: Blender create Mesh node osm-way-1371845603
00:11:07 | INFO: Blender create Mesh node osm-way-1371845604
00:11:07 | INFO: Blender create Mesh node osm-way-1371845605
00:11:07 | INFO: Blender create Mesh node osm-way-1371845606
00:11:07 | INFO: Blender create Mesh node osm-way-1371845612
00:11:07 | INFO: Blender create Mesh node osm-way-1371845613
00:11:07 | INFO: Blender create Mesh node osm-way-1371845614
00:11:07 | INFO: Blender create Mesh node osm-way-1371845615
00:11:07 | INFO: Blender create Mesh node osm-way-1372450224
00:11:07 | INFO: Blender create Mesh node osm-way-1372698066
00:11:07 | INFO: Blender create Mesh node osm-way-1372698067
00:11:07 | INFO: Blender create Mesh node osm-way-1372698068
00:11:07 | INFO: Blender create Mesh node osm-way-1372698069
00:11:07 | INFO: Blender create Mesh node osm-way-1372698070
00:11:07 | INFO: Blender create Mesh node osm-way-1372698071
00:11:07 | INFO: Blender create Mesh node osm-way-1372698072
00:11:07 | INFO: Blender create Mesh node osm-way-1372698073
00:11:07 | INFO: Blender create Mesh node osm-way-1376436141
00:11:07 | INFO: Blender create Mesh node osm-way-1376922973
00:11:07 | INFO: Blender create Mesh node osm-way-1376922974
00:11:07 | INFO: Blender create Mesh node osm-way-1376922975
00:11:07 | INFO: Blender create Mesh node osm-way-1376922976
00:11:07 | INFO: Blender create Mesh node osm-way-1376922977
00:11:07 | INFO: Blender create Mesh node osm-way-1376922978
00:11:07 | INFO: Blender create Mesh node osm-way-1377218201
00:11:07 | INFO: Blender create Mesh node osm-way-1377218202
00:11:07 | INFO: Blender create Mesh node osm-way-1377249997
00:11:07 | INFO: Blender create Mesh node osm-way-1377249998
00:11:07 | INFO: Blender create Mesh node osm-way-1377249999
00:11:07 | INFO: Blender create Mesh node osm-way-1377250000
00:11:07 | INFO: Blender create Mesh node osm-way-1377250001
00:11:07 | INFO: Blender create Mesh node osm-way-1377250002
00:11:07 | INFO: Blender create Mesh node osm-way-1392297566
00:11:07 | INFO: Blender create Mesh node osm-way-1421720173
00:11:07 | INFO: Blender create Mesh node osm-way-1424106425
00:11:07 | INFO: Blender create Mesh node osm-way-1424106426
00:11:07 | INFO: Blender create Mesh node osm-way-1424106427
00:11:07 | INFO: Blender create Mesh node osm-way-1424106428
00:11:07 | INFO: Blender create Mesh node osm-way-1424106429
00:11:07 | INFO: Blender create Mesh node osm-way-1424106430
00:11:07 | INFO: Blender create Mesh node osm-way-1424106431
00:11:07 | INFO: Blender create Mesh node osm-way-1424106432
00:11:07 | INFO: Blender create Mesh node osm-way-1424106433
00:11:08 | INFO: Blender create Mesh node osm-way-1424106434
00:11:08 | INFO: Blender create Mesh node osm-way-1424106435
00:11:08 | INFO: Blender create Mesh node osm-way-1424106436
00:11:08 | INFO: Blender create Mesh node osm-way-1424106480
00:11:08 | INFO: Blender create Mesh node osm-way-1424106481
00:11:08 | INFO: Blender create Mesh node osm-way-1424106482
00:11:08 | INFO: Blender create Mesh node osm-way-1424106483
00:11:08 | INFO: Blender create Mesh node osm-way-1424106484
00:11:08 | INFO: Blender create Mesh node osm-way-1424106485
00:11:08 | INFO: Blender create Mesh node osm-way-1424106486
00:11:08 | INFO: Blender create Mesh node osm-way-1424106487
00:11:08 | INFO: Blender create Mesh node osm-way-1424106488
00:11:08 | INFO: Blender create Mesh node osm-way-1424106489
00:11:08 | INFO: Blender create Mesh node osm-way-1424106490
00:11:08 | INFO: Blender create Mesh node osm-way-1424106491
00:11:08 | INFO: Blender create Mesh node osm-way-1424106492
00:11:08 | INFO: Blender create Mesh node osm-way-1424106493
00:11:08 | INFO: Blender create Mesh node osm-way-1427493020
00:11:08 | INFO: Blender create Mesh node osm-way-1427493027
00:11:08 | INFO: Blender create Mesh node osm-way-1427493028
00:11:08 | INFO: Blender create Mesh node osm-way-1427493029
00:11:08 | INFO: Blender create Mesh node osm-way-1427493039
00:11:08 | INFO: Blender create Mesh node osm-way-1427493040
00:11:08 | INFO: Blender create Mesh node osm-way-1427493063
00:11:08 | INFO: Blender create Mesh node osm-way-1427493071
00:11:08 | INFO: Blender create Mesh node osm-way-1427493072
00:11:08 | INFO: Blender create Mesh node osm-way-1427493073
00:11:08 | INFO: Blender create Mesh node osm-way-1427493074
00:11:08 | INFO: Blender create Mesh node osm-way-1427493075
00:11:08 | INFO: Blender create Mesh node osm-way-1427493076
00:11:08 | INFO: Blender create Mesh node osm-way-1427493077
00:11:08 | INFO: Blender create Mesh node osm-way-1427493078
00:11:08 | INFO: Blender create Mesh node osm-way-1427493079
00:11:08 | INFO: Blender create Mesh node osm-way-1427493080
00:11:08 | INFO: Blender create Mesh node osm-way-1427493081
00:11:08 | INFO: Blender create Mesh node osm-way-1427493082
00:11:08 | INFO: Blender create Mesh node osm-way-1427493083
00:11:08 | INFO: Blender create Mesh node osm-way-1427493084
00:11:08 | INFO: Blender create Mesh node osm-way-1427493085
00:11:08 | INFO: Blender create Mesh node osm-way-1427493086
00:11:08 | INFO: Blender create Mesh node osm-way-1427493087
00:11:08 | INFO: Blender create Mesh node osm-way-1427493088
00:11:08 | INFO: Blender create Mesh node osm-way-1427493089
00:11:08 | INFO: Blender create Mesh node osm-way-1427493090
00:11:08 | INFO: Blender create Mesh node osm-way-1427493091
00:11:08 | INFO: Blender create Mesh node osm-way-1427493092
00:11:08 | INFO: Blender create Mesh node osm-way-1427493093
00:11:08 | INFO: Blender create Mesh node osm-way-1427493094
00:11:08 | INFO: Blender create Mesh node osm-way-1427493095
00:11:08 | INFO: Blender create Mesh node osm-way-1427493096
00:11:08 | INFO: Blender create Mesh node osm-way-1427493097
00:11:08 | INFO: Blender create Mesh node osm-way-1427493098
00:11:08 | INFO: Blender create Mesh node osm-way-1427493101
00:11:08 | INFO: Blender create Mesh node osm-way-1427493102
00:11:08 | INFO: Blender create Mesh node osm-way-1427493103
00:11:08 | INFO: Blender create Mesh node osm-way-1427493104
00:11:08 | INFO: Blender create Mesh node osm-way-1427493105
00:11:08 | INFO: Blender create Mesh node osm-way-1427493108
00:11:08 | INFO: Blender create Mesh node osm-way-1427522169
00:11:08 | INFO: Blender create Mesh node osm-way-1427522171
00:11:08 | INFO: Blender create Mesh node osm-way-1427522172
00:11:08 | INFO: Blender create Mesh node osm-way-1427522173
00:11:08 | INFO: Blender create Mesh node osm-way-1427522174
00:11:08 | INFO: Blender create Mesh node osm-way-1427522176
00:11:08 | INFO: Blender create Mesh node osm-way-1427522185
00:11:08 | INFO: Blender create Mesh node osm-way-1427522186
00:11:08 | INFO: Blender create Mesh node osm-way-1427522187
00:11:08 | INFO: Blender create Mesh node osm-way-1427522188
00:11:08 | INFO: Blender create Mesh node osm-way-1427522192
00:11:08 | INFO: Blender create Mesh node osm-way-1427522196
00:11:08 | INFO: Blender create Mesh node osm-way-1427522197
00:11:08 | INFO: Blender create Mesh node osm-way-1427522198
00:11:08 | INFO: Blender create Mesh node osm-way-1427522211
00:11:08 | INFO: Blender create Mesh node osm-way-1427522212
00:11:08 | INFO: Blender create Mesh node osm-way-1427522223
00:11:08 | INFO: Blender create Mesh node osm-way-1427522224
00:11:08 | INFO: Blender create Mesh node osm-way-1427522225
00:11:08 | INFO: Blender create Mesh node osm-way-1427522226
00:11:08 | INFO: Blender create Mesh node osm-way-1427522227
00:11:08 | INFO: Blender create Mesh node osm-way-1427522228
00:11:08 | INFO: Blender create Mesh node osm-way-1427522233
00:11:08 | INFO: Blender create Mesh node osm-way-1427522234
00:11:08 | INFO: Blender create Mesh node osm-way-1427522235
00:11:08 | INFO: Blender create Mesh node osm-way-1427522236
00:11:08 | INFO: Blender create Mesh node osm-way-1427522237
00:11:08 | INFO: Blender create Mesh node osm-way-1427522238
00:11:08 | INFO: Blender create Mesh node osm-way-1427522239
00:11:08 | INFO: Blender create Mesh node osm-way-1427522240
00:11:08 | INFO: Blender create Mesh node osm-way-1427522241
00:11:08 | INFO: Blender create Mesh node osm-way-1427522242
00:11:08 | INFO: Blender create Mesh node osm-way-1427522243
00:11:08 | INFO: Blender create Mesh node osm-way-1427522244
00:11:08 | INFO: Blender create Mesh node osm-way-1427522245
00:11:08 | INFO: Blender create Mesh node osm-way-1427522246
00:11:08 | INFO: Blender create Mesh node osm-way-1427522247
00:11:08 | INFO: Blender create Mesh node osm-way-1427522248
00:11:08 | INFO: Blender create Mesh node osm-way-1427522249
00:11:08 | INFO: Blender create Mesh node osm-way-1427522250
00:11:08 | INFO: Blender create Mesh node osm-way-1427522278
00:11:08 | INFO: Blender create Mesh node osm-way-1427522279
00:11:08 | INFO: Blender create Mesh node osm-way-1427522280
00:11:08 | INFO: Blender create Mesh node osm-way-1427522281
00:11:08 | INFO: Blender create Mesh node osm-way-1427522282
00:11:08 | INFO: Blender create Mesh node osm-way-1427522283
00:11:08 | INFO: Blender create Mesh node osm-way-1427522284
00:11:08 | INFO: Blender create Mesh node osm-way-1427522285
00:11:08 | INFO: Blender create Mesh node osm-way-1427522286
00:11:08 | INFO: Blender create Mesh node osm-way-1427522287
00:11:08 | INFO: Blender create Mesh node osm-way-1427522288
00:11:08 | INFO: Blender create Mesh node osm-way-1427522289
00:11:08 | INFO: Blender create Mesh node osm-way-1427522290
00:11:08 | INFO: Blender create Mesh node osm-way-1427522291
00:11:08 | INFO: Blender create Mesh node osm-way-1427522292
00:11:08 | INFO: Blender create Mesh node osm-way-1427522293
00:11:08 | INFO: Blender create Mesh node osm-way-1427522294
00:11:08 | INFO: Blender create Mesh node osm-way-1427522295
00:11:08 | INFO: Blender create Mesh node osm-way-1427522296
00:11:08 | INFO: Blender create Mesh node osm-way-1427522297
00:11:08 | INFO: Blender create Mesh node osm-way-1427522298
00:11:08 | INFO: Blender create Mesh node osm-way-1427522299
00:11:08 | INFO: Blender create Mesh node osm-way-1427522300
00:11:08 | INFO: Blender create Mesh node osm-way-1427522301
00:11:08 | INFO: Blender create Mesh node osm-way-1427522302
00:11:08 | INFO: Blender create Mesh node osm-way-1427522303
00:11:08 | INFO: Blender create Mesh node osm-way-1427522304
00:11:08 | INFO: Blender create Mesh node osm-way-1427522305
00:11:08 | INFO: Blender create Mesh node osm-way-1427522306
00:11:08 | INFO: Blender create Mesh node osm-way-1427522307
00:11:08 | INFO: Blender create Mesh node osm-way-1427522308
00:11:08 | INFO: Blender create Mesh node osm-way-1427522311
00:11:08 | INFO: Blender create Mesh node osm-way-1427522312
00:11:08 | INFO: Blender create Mesh node osm-way-1427522314
00:11:08 | INFO: Blender create Mesh node osm-way-1427522323
00:11:08 | INFO: Blender create Mesh node osm-way-1427522324
00:11:08 | INFO: Blender create Mesh node osm-way-1427522325
00:11:08 | INFO: Blender create Mesh node osm-way-1427522326
00:11:08 | INFO: Blender create Mesh node osm-way-1427522327
00:11:08 | INFO: Blender create Mesh node osm-way-1427522328
00:11:08 | INFO: Blender create Mesh node osm-way-1427522331
00:11:08 | INFO: Blender create Mesh node osm-way-1427539583
00:11:08 | INFO: Blender create Mesh node osm-way-1427539584
00:11:08 | INFO: Blender create Mesh node osm-way-1427539585
00:11:08 | INFO: Blender create Mesh node osm-way-1427539586
00:11:08 | INFO: Blender create Mesh node osm-way-1427893938
00:11:08 | INFO: Blender create Mesh node osm-way-1427893949
00:11:08 | INFO: Blender create Mesh node osm-way-1427893950
00:11:08 | INFO: Blender create Mesh node osm-way-1427893951
00:11:08 | INFO: Blender create Mesh node osm-way-1427893952
00:11:08 | INFO: Blender create Mesh node osm-way-1427893953
00:11:08 | INFO: Blender create Mesh node osm-way-1427893954
00:11:08 | INFO: Blender create Mesh node osm-way-1427893957
00:11:08 | INFO: Blender create Mesh node osm-way-1427893958
00:11:08 | INFO: Blender create Mesh node osm-way-1427893961
00:11:08 | INFO: Blender create Mesh node osm-way-1427893962
00:11:08 | INFO: Blender create Mesh node osm-way-1427893963
00:11:08 | INFO: Blender create Mesh node osm-way-1427893964
00:11:08 | INFO: Blender create Mesh node osm-way-1427893970
00:11:08 | INFO: Blender create Mesh node osm-way-1427893971
00:11:08 | INFO: Blender create Mesh node osm-way-1427893973
00:11:08 | INFO: Blender create Mesh node osm-way-1427893974
00:11:08 | INFO: Blender create Mesh node osm-way-1427893979
00:11:08 | INFO: Blender create Mesh node osm-way-1427893980
00:11:08 | INFO: Blender create Mesh node osm-way-1427893981
00:11:08 | INFO: Blender create Mesh node osm-way-1427893982
00:11:08 | INFO: Blender create Mesh node osm-way-1427893983
00:11:08 | INFO: Blender create Mesh node osm-way-1427893984
00:11:08 | INFO: Blender create Mesh node osm-way-1427893986
00:11:08 | INFO: Blender create Mesh node osm-way-1427893987
00:11:08 | INFO: Blender create Mesh node osm-way-1427893988
00:11:08 | INFO: Blender create Mesh node osm-way-1427894011
00:11:08 | INFO: Blender create Mesh node osm-way-1427894012
00:11:08 | INFO: Blender create Mesh node osm-way-1427894016
00:11:08 | INFO: Blender create Mesh node osm-way-1427894017
00:11:08 | INFO: Blender create Mesh node osm-way-1427894018
00:11:08 | INFO: Blender create Mesh node osm-way-1427894021
00:11:08 | INFO: Blender create Mesh node osm-way-1427894022
00:11:08 | INFO: Blender create Mesh node osm-way-1427894023
00:11:08 | INFO: Blender create Mesh node osm-way-1427894024
00:11:08 | INFO: Blender create Mesh node osm-way-1427894029
00:11:08 | INFO: Blender create Mesh node osm-way-1427894030
00:11:08 | INFO: Blender create Mesh node osm-way-1427894031
00:11:08 | INFO: Blender create Mesh node osm-way-1427894032
00:11:08 | INFO: Blender create Mesh node osm-way-1427894033
00:11:08 | INFO: Blender create Mesh node osm-way-1427894034
00:11:08 | INFO: Blender create Mesh node osm-way-1427894035
00:11:08 | INFO: Blender create Mesh node osm-way-1427894036
00:11:08 | INFO: Blender create Mesh node osm-way-1427894037
00:11:08 | INFO: Blender create Mesh node osm-way-1427894038
00:11:08 | INFO: Blender create Mesh node osm-way-1427894039
00:11:08 | INFO: Blender create Mesh node osm-way-1427894040
00:11:08 | INFO: Blender create Mesh node osm-way-1427894041
00:11:08 | INFO: Blender create Mesh node osm-way-1427894042
00:11:08 | INFO: Blender create Mesh node osm-way-1427894043
00:11:08 | INFO: Blender create Mesh node osm-way-1427894048
00:11:08 | INFO: Blender create Mesh node osm-way-1427894049
00:11:08 | INFO: Blender create Mesh node osm-way-1427894050
00:11:08 | INFO: Blender create Mesh node osm-way-1427894051
00:11:08 | INFO: Blender create Mesh node osm-way-1427894052
00:11:08 | INFO: Blender create Mesh node osm-way-1427894053
00:11:08 | INFO: Blender create Mesh node osm-way-1427894054
00:11:08 | INFO: Blender create Mesh node osm-way-1427894055
00:11:08 | INFO: Blender create Mesh node osm-way-1427894056
00:11:08 | INFO: Blender create Mesh node osm-way-1427894057
00:11:08 | INFO: Blender create Mesh node osm-way-1427894058
00:11:08 | INFO: Blender create Mesh node osm-way-1427894060
00:11:08 | INFO: Blender create Mesh node osm-way-1427894062
00:11:08 | INFO: Blender create Mesh node osm-way-1427894064
00:11:08 | INFO: Blender create Mesh node osm-way-1427894065
00:11:08 | INFO: Blender create Mesh node osm-way-1427894068
00:11:08 | INFO: Blender create Mesh node osm-way-1427894070
00:11:08 | INFO: Blender create Mesh node osm-way-1427894071
00:11:08 | INFO: Blender create Mesh node osm-way-1427894072
00:11:08 | INFO: Blender create Mesh node osm-way-1427894078
00:11:08 | INFO: Blender create Mesh node osm-way-1428265789
00:11:08 | INFO: Blender create Mesh node osm-way-1428265790
00:11:09 | INFO: Blender create Mesh node osm-way-1428265791
00:11:09 | INFO: Blender create Mesh node osm-way-1428265792
00:11:09 | INFO: Blender create Mesh node osm-way-1428265793
00:11:09 | INFO: Blender create Mesh node osm-way-1428265794
00:11:09 | INFO: Blender create Mesh node osm-way-1428265795
00:11:09 | INFO: Blender create Mesh node osm-way-1428265796
00:11:09 | INFO: Blender create Mesh node osm-way-1428265797
00:11:09 | INFO: Blender create Mesh node osm-way-1428265798
00:11:09 | INFO: Blender create Mesh node osm-way-1428265799
00:11:09 | INFO: Blender create Mesh node osm-way-1429697212
00:11:09 | INFO: Blender create Mesh node osm-way-1429697213
00:11:09 | INFO: Blender create Mesh node osm-way-1429697214
00:11:09 | INFO: Blender create Mesh node osm-way-1429697215
00:11:09 | INFO: Blender create Mesh node osm-way-1429697216
00:11:09 | INFO: Blender create Mesh node osm-way-1429697217
00:11:09 | INFO: Blender create Mesh node osm-way-1429697218
00:11:09 | INFO: Blender create Mesh node osm-way-1429697219
00:11:09 | INFO: Blender create Mesh node osm-way-1429697220
00:11:09 | INFO: Blender create Mesh node osm-way-1429697221
00:11:09 | INFO: Blender create Mesh node osm-way-1429697222
00:11:09 | INFO: Blender create Mesh node osm-way-1429697223
00:11:09 | INFO: Blender create Mesh node osm-way-1429697224
00:11:09 | INFO: Blender create Mesh node osm-way-1429697225
00:11:09 | INFO: Blender create Mesh node osm-way-1429697226
00:11:09 | INFO: Blender create Mesh node osm-way-1429697227
00:11:09 | INFO: Blender create Mesh node osm-way-1429697228
00:11:09 | INFO: Blender create Mesh node osm-way-1429697229
00:11:09 | INFO: Blender create Mesh node osm-way-1429697230
00:11:09 | INFO: Blender create Mesh node osm-way-1429697231
00:11:09 | INFO: Blender create Mesh node osm-way-1429697232
00:11:09 | INFO: Blender create Mesh node osm-way-1429697233
00:11:09 | INFO: Blender create Mesh node osm-way-1429697234
00:11:09 | INFO: Blender create Mesh node osm-way-1429697235
00:11:09 | INFO: Blender create Mesh node osm-way-1429697236
00:11:09 | INFO: Blender create Mesh node osm-way-1429697239
00:11:09 | INFO: Blender create Mesh node osm-way-1429697247
00:11:09 | INFO: Blender create Mesh node osm-way-1429697251
00:11:09 | INFO: Blender create Mesh node osm-way-1429697252
00:11:09 | INFO: Blender create Mesh node osm-way-1429697253
00:11:09 | INFO: Blender create Mesh node osm-way-1429697254
00:11:09 | INFO: Blender create Mesh node osm-way-1429697255
00:11:09 | INFO: Blender create Mesh node osm-way-1429697257
00:11:09 | INFO: Blender create Mesh node osm-way-1429697262
00:11:09 | INFO: Blender create Mesh node osm-way-1429697263
00:11:09 | INFO: Blender create Mesh node osm-way-1429697275
00:11:09 | INFO: Blender create Mesh node osm-way-1429697276
00:11:09 | INFO: Blender create Mesh node osm-way-1429697277
00:11:09 | INFO: Blender create Mesh node osm-way-1429697278
00:11:09 | INFO: Blender create Mesh node osm-way-1429697279
00:11:09 | INFO: Blender create Mesh node osm-way-1429697280
00:11:09 | INFO: Blender create Mesh node osm-way-1429697281
00:11:09 | INFO: Blender create Mesh node osm-way-1429697282
00:11:09 | INFO: Blender create Mesh node osm-way-1429697283
00:11:09 | INFO: Blender create Mesh node osm-way-1429697284
00:11:09 | INFO: Blender create Mesh node osm-way-1429697285
00:11:09 | INFO: Blender create Mesh node osm-way-1429697286
00:11:09 | INFO: Blender create Mesh node osm-way-1429697287
00:11:09 | INFO: Blender create Mesh node osm-way-1429697288
00:11:09 | INFO: Blender create Mesh node osm-way-1429697289
00:11:09 | INFO: Blender create Mesh node osm-way-1429697290
00:11:09 | INFO: Blender create Mesh node osm-way-1429697291
00:11:09 | INFO: Blender create Mesh node osm-way-1429697292
00:11:09 | INFO: Blender create Mesh node osm-way-1429697293
00:11:09 | INFO: Blender create Mesh node osm-way-1429697307
00:11:09 | INFO: Blender create Mesh node osm-way-1429697308
00:11:09 | INFO: Blender create Mesh node osm-way-1429697309
00:11:09 | INFO: Blender create Mesh node osm-way-1429697310
00:11:09 | INFO: Blender create Mesh node osm-way-1429697311
00:11:09 | INFO: Blender create Mesh node osm-way-1429697312
00:11:09 | INFO: Blender create Mesh node osm-way-1429697317
00:11:09 | INFO: Blender create Mesh node osm-way-1429697322
00:11:09 | INFO: Blender create Mesh node osm-way-1429697323
00:11:09 | INFO: Blender create Mesh node osm-way-1429697324
00:11:09 | INFO: Blender create Mesh node osm-way-1429697339
00:11:09 | INFO: Blender create Mesh node osm-way-1429697340
00:11:09 | INFO: Blender create Mesh node osm-way-1429697344
00:11:09 | INFO: Blender create Mesh node osm-way-1429697354
00:11:09 | INFO: Blender create Mesh node osm-way-1429697369
00:11:09 | INFO: Blender create Mesh node osm-way-1429697370
00:11:09 | INFO: Blender create Mesh node osm-way-1429697371
00:11:09 | INFO: Blender create Mesh node osm-way-1429697372
00:11:09 | INFO: Blender create Mesh node osm-way-1429697373
00:11:09 | INFO: Blender create Mesh node osm-way-1429697394
00:11:09 | INFO: Blender create Mesh node osm-way-1429734788
00:11:09 | INFO: Blender create Mesh node osm-way-1429734789
00:11:09 | INFO: Blender create Mesh node osm-way-1429734790
00:11:09 | INFO: Blender create Mesh node osm-way-1429734791
00:11:09 | INFO: Blender create Mesh node osm-way-1429734794
00:11:09 | INFO: Blender create Mesh node osm-way-1429734795
00:11:09 | INFO: Blender create Mesh node osm-way-1429734797
00:11:09 | INFO: Blender create Mesh node osm-way-1429734800
00:11:09 | INFO: Blender create Mesh node osm-way-1429734806
00:11:09 | INFO: Blender create Mesh node osm-way-1429734807
00:11:09 | INFO: Blender create Mesh node osm-way-1429734809
00:11:09 | INFO: Blender create Mesh node osm-way-1429734812
00:11:09 | INFO: Blender create Mesh node osm-way-1429734814
00:11:09 | INFO: Blender create Mesh node osm-way-1429734815
00:11:09 | INFO: Blender create Mesh node osm-way-1429734816
00:11:09 | INFO: Blender create Mesh node osm-way-1429734817
00:11:09 | INFO: Blender create Mesh node osm-way-1429734818
00:11:09 | INFO: Blender create Mesh node osm-way-1429734822
00:11:09 | INFO: Blender create Mesh node osm-way-1429734826
00:11:09 | INFO: Blender create Mesh node osm-way-1429734841
00:11:09 | INFO: Blender create Mesh node osm-way-1429734884
00:11:09 | INFO: Blender create Mesh node osm-way-1429734885
00:11:09 | INFO: Blender create Mesh node osm-way-1429734894
00:11:09 | INFO: Blender create Mesh node osm-way-1429734895
00:11:09 | INFO: Blender create Mesh node osm-way-1429734896
00:11:09 | INFO: Blender create Mesh node osm-way-1429734897
00:11:09 | INFO: Blender create Mesh node osm-way-1429734898
00:11:09 | INFO: Blender create Mesh node osm-way-1429734899
00:11:09 | INFO: Blender create Mesh node osm-way-1429734900
00:11:09 | INFO: Blender create Mesh node osm-way-1429734901
00:11:09 | INFO: Blender create Mesh node osm-way-1429734902
00:11:09 | INFO: Blender create Mesh node osm-way-1429734903
00:11:09 | INFO: Blender create Mesh node osm-way-1429734904
00:11:09 | INFO: Blender create Mesh node osm-way-1429734905
00:11:09 | INFO: Blender create Mesh node osm-way-1429734906
00:11:09 | INFO: Blender create Mesh node osm-way-1429734907
00:11:09 | INFO: Blender create Mesh node osm-way-1429734908
00:11:09 | INFO: Blender create Mesh node osm-way-1429734909
00:11:09 | INFO: Blender create Mesh node osm-way-1429734910
00:11:09 | INFO: Blender create Mesh node osm-way-1429734911
00:11:09 | INFO: Blender create Mesh node osm-way-1429734912
00:11:09 | INFO: Blender create Mesh node osm-way-1429734913
00:11:09 | INFO: Blender create Mesh node osm-way-1429734914
00:11:09 | INFO: Blender create Mesh node osm-way-1429734915
00:11:09 | INFO: Blender create Mesh node osm-way-1429734916
00:11:09 | INFO: Blender create Mesh node osm-way-1429734924
00:11:09 | INFO: Blender create Mesh node osm-way-1429734925
00:11:09 | INFO: Blender create Mesh node osm-way-1429734926
00:11:09 | INFO: Blender create Mesh node osm-way-1429734927
00:11:09 | INFO: Blender create Mesh node osm-way-1429734928
00:11:09 | INFO: Blender create Mesh node osm-way-1429734929
00:11:09 | INFO: Blender create Mesh node osm-way-1429734930
00:11:09 | INFO: Blender create Mesh node osm-way-1429734931
00:11:09 | INFO: Blender create Mesh node osm-way-1429734932
00:11:09 | INFO: Blender create Mesh node osm-way-1429734933
00:11:09 | INFO: Blender create Mesh node osm-way-1429734940
00:11:09 | INFO: Blender create Mesh node osm-way-1429734941
00:11:09 | INFO: Blender create Mesh node osm-way-1429734942
00:11:09 | INFO: Blender create Mesh node osm-way-1429734943
00:11:09 | INFO: Blender create Mesh node osm-way-1429734944
00:11:09 | INFO: Blender create Mesh node osm-way-1429734945
00:11:09 | INFO: Blender create Mesh node osm-way-1429734946
00:11:09 | INFO: Blender create Mesh node osm-way-1429734948
00:11:09 | INFO: Blender create Mesh node osm-way-1429734949
00:11:09 | INFO: Blender create Mesh node osm-way-1429734960
00:11:09 | INFO: Blender create Mesh node osm-way-1429734962
00:11:09 | INFO: Blender create Mesh node osm-way-1429734963
00:11:09 | INFO: Blender create Mesh node osm-way-1429734964
00:11:09 | INFO: Blender create Mesh node osm-way-1429734965
00:11:09 | INFO: Blender create Mesh node osm-way-1429734983
00:11:09 | INFO: Blender create Mesh node osm-way-1429734984
00:11:09 | INFO: Blender create Mesh node osm-way-1429734985
00:11:09 | INFO: Blender create Mesh node osm-way-1429734986
00:11:09 | INFO: Blender create Mesh node osm-way-1429735025
00:11:09 | INFO: Blender create Mesh node osm-way-1429735027
00:11:09 | INFO: Blender create Mesh node osm-way-1429735028
00:11:09 | INFO: Blender create Mesh node osm-way-1429905531
00:11:09 | INFO: Blender create Mesh node osm-way-1429905532
00:11:09 | INFO: Blender create Mesh node osm-way-1429905533
00:11:09 | INFO: Blender create Mesh node osm-way-1429905534
00:11:09 | INFO: Blender create Mesh node osm-way-1429905535
00:11:09 | INFO: Blender create Mesh node osm-way-1429905536
00:11:09 | INFO: Blender create Mesh node osm-way-1429905537
00:11:09 | INFO: Blender create Mesh node osm-way-1429905538
00:11:09 | INFO: Blender create Mesh node osm-way-1429905568
00:11:09 | INFO: Blender create Mesh node osm-way-1429905569
00:11:09 | INFO: Blender create Mesh node osm-way-1455832162
00:11:09 | INFO: Blender create Mesh node osm-way-1460171664
00:11:09 | INFO: Blender create Mesh node osm-way-1460171665
00:11:09 | INFO: Blender create Mesh node osm-way-1467932125
00:11:09 | INFO: Blender create Mesh node osm-way-1467947085
00:11:09 | INFO: Blender create Mesh node osm-way-1467947086
00:11:09 | INFO: Blender create Mesh node osm-way-1486422270
00:11:09 | INFO: Blender create Mesh node osm-way-1486422271
00:11:09 | INFO: Blender create Mesh node osm-way-1486422272
00:11:09 | INFO: Blender create Mesh node osm-way-1486422273
00:11:09 | INFO: Blender create Mesh node osm-way-1486422274
00:11:09 | INFO: Blender create Mesh node osm-way-1518555763
00:11:09 | INFO: Blender create Mesh node osm-way-1532962637
00:11:09 | INFO: Blender create Mesh node osm-way-1532962638
00:11:09 | INFO: Blender create Mesh node osm-way-1532962641
00:11:09 | INFO: Blender create Mesh node osm-way-1532962642
00:11:09 | INFO: Blender create Mesh node osm-way-1533181378
00:11:09 | INFO: Blender create Mesh node palace-hotel
00:11:10 | INFO: Blender create Mesh node peace-hotel.001
00:11:10 | INFO: Blender create Mesh node peninsula-hotel
00:11:11 | INFO: Blender create Mesh node peoples-heroes-monument
00:11:11 | INFO: Blender create Mesh node plane-tree-planter
00:11:11 | INFO: Blender create Mesh node postal-museum
00:11:11 | INFO: Blender create Mesh node promenade-section
00:11:11 | INFO: Blender create Mesh node riverside-lamp
00:11:11 | INFO: Blender create Mesh node riverside-parks
00:11:11 | INFO: Blender create Mesh node rockbund-museum
00:11:11 | INFO: Blender create Mesh node russian-consulate
00:11:11 | INFO: Blender create Mesh node russo-chinese-bank
00:11:11 | INFO: Blender create Mesh node shanghai-club
00:11:12 | INFO: Blender create Mesh node shanghai-tower
00:11:12 | INFO: Blender create Mesh node shangri-la-grand
00:11:12 | INFO: Blender create Mesh node shangri-la-river
00:11:12 | INFO: Blender create Mesh node signal-tower
00:11:12 | INFO: Blender create Mesh node stock-exchange
00:11:12 | INFO: Blender create Mesh node street-network
00:11:12 | INFO: Blender create Mesh node super-brand-mall
00:11:12 | INFO: Blender create Mesh node taiping-finance
00:11:12 | INFO: Blender create Mesh node terrain-base
00:11:12 | INFO: Blender create Mesh node union-building
00:11:12 | INFO: Blender create Mesh node union-church
00:11:12 | INFO: Blender create Mesh node westin-bund
00:11:12 | INFO: Blender create Mesh node white-magnolia
00:11:12 | INFO: Blender create Mesh node wooden-bench
00:11:12 | INFO: Blender create Mesh node world-financial-center
00:11:12 | INFO: Blender create Mesh node yangtze-insurance
00:11:12 | INFO: Blender create Mesh node yifeng-building
00:11:13 | INFO: Blender create Mesh node yokohama-specie-bank
00:11:13 | INFO: glTF import finished in 18.47s
00:11:19 | INFO: Data are loaded, start creating Blender stuff
00:11:19 | INFO: Blender create Mesh node bund-heritage-block
00:11:20 | INFO: glTF import finished in 0.48s
00:11:20 | INFO: Data are loaded, start creating Blender stuff
00:11:20 | INFO: Blender create Mesh node asia-building
00:11:20 | INFO: Blender create Mesh node bank-china-bund
00:11:21 | INFO: Blender create Mesh node bank-communications-bund
00:11:21 | INFO: Blender create Mesh node bank-taiwan
00:11:21 | INFO: Blender create Mesh node banque-indochine
00:11:21 | INFO: Blender create Mesh node bfc-n2
00:11:21 | INFO: Blender create Mesh node bfc-north
00:11:21 | INFO: Blender create Mesh node bfc-s1
00:11:21 | INFO: Blender create Mesh node bfc-s2
00:11:21 | INFO: Blender create Mesh node bund-center
00:11:21 | INFO: Blender create Mesh node chartered-bank
00:11:21 | INFO: Blender create Mesh node china-merchants-steam
00:11:21 | INFO: Blender create Mesh node customs-house
00:11:22 | INFO: Blender create Mesh node fosun-art-center
00:11:22 | INFO: Blender create Mesh node glen-line
00:11:22 | INFO: Blender create Mesh node great-northern-telegraph
00:11:22 | INFO: Blender create Mesh node hsbc-building
00:11:23 | INFO: Blender create Mesh node imperial-bank
00:11:23 | INFO: Blender create Mesh node jardine-matheson
00:11:24 | INFO: Blender create Mesh node metropole-hotel
00:11:24 | INFO: Blender create Mesh node nissin-building
00:11:24 | INFO: Blender create Mesh node north-china-daily-news
00:11:24 | INFO: Blender create Mesh node palace-hotel
00:11:24 | INFO: Blender create Mesh node peace-hotel.001
00:11:25 | INFO: Blender create Mesh node russo-chinese-bank
00:11:25 | INFO: Blender create Mesh node shanghai-club
00:11:25 | INFO: Blender create Mesh node union-building
00:11:25 | INFO: Blender create Mesh node westin-bund
00:11:25 | INFO: Blender create Mesh node yangtze-insurance
00:11:25 | INFO: Blender create Mesh node yokohama-specie-bank
00:11:26 | INFO: glTF import finished in 5.30s
00:11:28 | INFO: Data are loaded, start creating Blender stuff
00:11:28 | INFO: Blender create Mesh node capitol-building
00:11:28 | INFO: glTF import finished in 0.09s
00:11:28 | INFO: Data are loaded, start creating Blender stuff
00:11:28 | INFO: Blender create Mesh node chartered-bank
00:11:28 | INFO: glTF import finished in 0.10s
00:11:29 | INFO: Data are loaded, start creating Blender stuff
00:11:29 | INFO: Blender create Mesh node chen-yi-statue
00:11:29 | INFO: glTF import finished in 0.01s
00:11:29 | INFO: Data are loaded, start creating Blender stuff
00:11:29 | INFO: Blender create Mesh node china-insurance
00:11:29 | INFO: glTF import finished in 0.02s
00:11:29 | INFO: Data are loaded, start creating Blender stuff
00:11:29 | INFO: Blender create Mesh node china-merchants-steam
00:11:29 | INFO: glTF import finished in 0.06s
00:11:29 | INFO: Data are loaded, start creating Blender stuff
00:11:29 | INFO: Blender create Mesh node china-merchants-tower
00:11:29 | INFO: glTF import finished in 0.03s
00:11:29 | INFO: Data are loaded, start creating Blender stuff
00:11:29 | INFO: Blender create Mesh node china-shipbuilding
00:11:29 | INFO: glTF import finished in 0.02s
00:11:29 | INFO: Data are loaded, start creating Blender stuff
00:11:29 | INFO: Blender create Mesh node citigroup-tower
00:11:29 | INFO: glTF import finished in 0.02s
00:11:29 | INFO: Data are loaded, start creating Blender stuff
00:11:29 | INFO: Blender create Mesh node city-bus
00:11:29 | INFO: glTF import finished in 0.01s
00:11:29 | INFO: Data are loaded, start creating Blender stuff
00:11:29 | INFO: Blender create Mesh node city-car
00:11:29 | INFO: glTF import finished in 0.01s
00:11:29 | INFO: Data are loaded, start creating Blender stuff
00:11:29 | INFO: Blender create Mesh node construction-bank
00:11:29 | INFO: glTF import finished in 0.02s
00:11:29 | INFO: Data are loaded, start creating Blender stuff
00:11:29 | INFO: Blender create Mesh node convention-center
00:11:30 | INFO: glTF import finished in 0.41s
00:11:30 | INFO: Data are loaded, start creating Blender stuff
00:11:30 | INFO: Blender create Mesh node customs-house
00:11:31 | INFO: glTF import finished in 1.01s
00:11:32 | INFO: Data are loaded, start creating Blender stuff
00:11:32 | INFO: Blender create Mesh node ferry-terminal
00:11:32 | INFO: glTF import finished in 0.00s
00:11:32 | INFO: Data are loaded, start creating Blender stuff
00:11:32 | INFO: Blender create Mesh node fosun-art-center
00:11:32 | INFO: glTF import finished in 0.02s
00:11:32 | INFO: Data are loaded, start creating Blender stuff
00:11:32 | INFO: Blender create Mesh node foxconn-building
00:11:32 | INFO: glTF import finished in 0.02s
00:11:32 | INFO: Data are loaded, start creating Blender stuff
00:11:32 | INFO: Blender create Mesh node garden-bridge
00:11:32 | INFO: glTF import finished in 0.01s
00:11:32 | INFO: Data are loaded, start creating Blender stuff
00:11:32 | INFO: Blender create Mesh node glen-line
00:11:32 | INFO: glTF import finished in 0.17s
00:11:32 | INFO: Data are loaded, start creating Blender stuff
00:11:32 | INFO: Blender create Mesh node great-northern-telegraph
00:11:32 | INFO: glTF import finished in 0.08s
00:11:32 | INFO: Data are loaded, start creating Blender stuff
00:11:32 | INFO: Blender create Mesh node hedge-planter
00:11:32 | INFO: glTF import finished in 0.00s
00:11:33 | INFO: Data are loaded, start creating Blender stuff
00:11:33 | INFO: Blender create Mesh node hsbc-building
00:11:34 | INFO: glTF import finished in 0.98s
00:11:34 | INFO: Data are loaded, start creating Blender stuff
00:11:34 | INFO: Blender create Mesh node huangpu-cruise-boat
00:11:34 | INFO: glTF import finished in 0.01s
00:11:34 | INFO: Data are loaded, start creating Blender stuff
00:11:34 | INFO: Blender create Mesh node ifc-north
00:11:34 | INFO: glTF import finished in 0.02s
00:11:34 | INFO: Data are loaded, start creating Blender stuff
00:11:34 | INFO: Blender create Mesh node ifc-south
00:11:34 | INFO: glTF import finished in 0.02s
00:11:34 | INFO: Data are loaded, start creating Blender stuff
00:11:34 | INFO: Blender create Mesh node imperial-bank
00:11:34 | INFO: glTF import finished in 0.06s
00:11:35 | INFO: Data are loaded, start creating Blender stuff
00:11:35 | INFO: Blender create Mesh node jardine-matheson
00:11:35 | INFO: glTF import finished in 0.14s
00:11:35 | INFO: Data are loaded, start creating Blender stuff
00:11:35 | INFO: Blender create Mesh node jin-mao-tower
00:11:35 | INFO: glTF import finished in 0.02s
00:11:35 | INFO: Data are loaded, start creating Blender stuff
00:11:35 | INFO: Blender create Mesh node agricultural-bank
00:11:35 | INFO: Blender create Mesh node aurora-plaza
00:11:35 | INFO: Blender create Mesh node bank-china-pudong
00:11:35 | INFO: Blender create Mesh node bank-communications-pudong
00:11:35 | INFO: Blender create Mesh node china-insurance
00:11:35 | INFO: Blender create Mesh node china-merchants-tower
00:11:35 | INFO: Blender create Mesh node china-shipbuilding
00:11:35 | INFO: Blender create Mesh node citigroup-tower
00:11:35 | INFO: Blender create Mesh node construction-bank
00:11:35 | INFO: Blender create Mesh node convention-center
00:11:35 | INFO: Blender create Mesh node foxconn-building
00:11:35 | INFO: Blender create Mesh node ifc-north
00:11:35 | INFO: Blender create Mesh node ifc-south
00:11:35 | INFO: Blender create Mesh node jin-mao-tower
00:11:36 | INFO: Blender create Mesh node museum-art-pudong
00:11:36 | INFO: Blender create Mesh node ocean-aquarium
00:11:36 | INFO: Blender create Mesh node one-lujiazui
00:11:36 | INFO: Blender create Mesh node oriental-pearl
00:11:36 | INFO: Blender create Mesh node shanghai-tower
00:11:36 | INFO: Blender create Mesh node shangri-la-grand
00:11:36 | INFO: Blender create Mesh node shangri-la-river
00:11:36 | INFO: Blender create Mesh node stock-exchange
00:11:36 | INFO: Blender create Mesh node super-brand-mall
00:11:36 | INFO: Blender create Mesh node taiping-finance
00:11:36 | INFO: Blender create Mesh node world-financial-center
00:11:36 | INFO: glTF import finished in 1.11s
00:11:37 | INFO: Data are loaded, start creating Blender stuff
00:11:37 | INFO: Blender create Mesh node lyceum-building
00:11:37 | INFO: glTF import finished in 0.11s
00:11:37 | INFO: Data are loaded, start creating Blender stuff
00:11:37 | INFO: Blender create Mesh node metropole-hotel
00:11:37 | INFO: glTF import finished in 0.23s
00:11:37 | INFO: Data are loaded, start creating Blender stuff
00:11:37 | INFO: Blender create Mesh node museum-art-pudong
00:11:37 | INFO: glTF import finished in 0.01s
00:11:37 | INFO: Data are loaded, start creating Blender stuff
00:11:37 | INFO: Blender create Mesh node nissin-building
00:11:37 | INFO: glTF import finished in 0.13s
00:11:38 | INFO: Data are loaded, start creating Blender stuff
00:11:38 | INFO: Blender create Mesh node north-china-daily-news
00:11:38 | INFO: glTF import finished in 0.16s
00:11:38 | INFO: Data are loaded, start creating Blender stuff
00:11:38 | INFO: Blender create Mesh node ocean-aquarium
00:11:38 | INFO: glTF import finished in 0.01s
00:11:38 | INFO: Data are loaded, start creating Blender stuff
00:11:38 | INFO: Blender create Mesh node one-lujiazui
00:11:38 | INFO: glTF import finished in 0.02s
00:11:38 | INFO: Data are loaded, start creating Blender stuff
00:11:38 | INFO: Blender create Mesh node oriental-pearl
00:11:38 | INFO: glTF import finished in 0.03s
00:11:38 | INFO: Data are loaded, start creating Blender stuff
00:11:38 | INFO: Blender create Mesh node palace-hotel
00:11:38 | INFO: glTF import finished in 0.11s
00:11:38 | INFO: Data are loaded, start creating Blender stuff
00:11:38 | INFO: Blender create Mesh node peace-hotel.001
00:11:39 | INFO: glTF import finished in 0.82s
00:11:40 | INFO: Data are loaded, start creating Blender stuff
00:11:40 | INFO: Blender create Mesh node peninsula-hotel
00:11:40 | INFO: glTF import finished in 0.21s
00:11:40 | INFO: Data are loaded, start creating Blender stuff
00:11:40 | INFO: Blender create Mesh node peoples-heroes-monument
00:11:40 | INFO: glTF import finished in 0.00s
00:11:40 | INFO: Data are loaded, start creating Blender stuff
00:11:40 | INFO: Blender create Mesh node plane-tree-planter
00:11:40 | INFO: glTF import finished in 0.01s
00:11:40 | INFO: Data are loaded, start creating Blender stuff
00:11:40 | INFO: Blender create Mesh node postal-museum
00:11:40 | INFO: glTF import finished in 0.10s
00:11:40 | INFO: Data are loaded, start creating Blender stuff
00:11:40 | INFO: Blender create Mesh node promenade-section
00:11:40 | INFO: glTF import finished in 0.01s
00:11:40 | INFO: Data are loaded, start creating Blender stuff
00:11:40 | INFO: Blender create Mesh node promenade-stairs
00:11:40 | INFO: glTF import finished in 0.00s
00:11:40 | INFO: Data are loaded, start creating Blender stuff
00:11:40 | INFO: Blender create Mesh node huangpu-suzhou-water
00:11:40 | INFO: Blender create Mesh node riverside-parks
00:11:40 | INFO: Blender create Mesh node street-network
00:11:41 | INFO: Blender create Mesh node terrain-base
00:11:41 | INFO: glTF import finished in 0.08s
00:11:41 | INFO: Data are loaded, start creating Blender stuff
00:11:41 | INFO: Blender create Mesh node river-tile
00:11:41 | INFO: glTF import finished in 0.00s
00:11:41 | INFO: Data are loaded, start creating Blender stuff
00:11:41 | INFO: Blender create Mesh node riverside-lamp
00:11:41 | INFO: glTF import finished in 0.01s
00:11:41 | INFO: Data are loaded, start creating Blender stuff
00:11:41 | INFO: Blender create Mesh node road-section
00:11:41 | INFO: glTF import finished in 0.00s
00:11:41 | INFO: Data are loaded, start creating Blender stuff
00:11:41 | INFO: Blender create Mesh node rockbund-museum
00:11:41 | INFO: glTF import finished in 0.10s
00:11:41 | INFO: Data are loaded, start creating Blender stuff
00:11:41 | INFO: Blender create Mesh node russian-consulate
00:11:41 | INFO: glTF import finished in 0.07s
00:11:41 | INFO: Data are loaded, start creating Blender stuff
00:11:41 | INFO: Blender create Mesh node russo-chinese-bank
00:11:41 | INFO: glTF import finished in 0.07s
00:11:41 | INFO: Data are loaded, start creating Blender stuff
00:11:41 | INFO: Blender create Mesh node shanghai-club
00:11:41 | INFO: glTF import finished in 0.07s
00:11:42 | INFO: Data are loaded, start creating Blender stuff
00:11:42 | INFO: Blender create Mesh node shanghai-tower
00:11:42 | INFO: glTF import finished in 0.31s
00:11:42 | INFO: Data are loaded, start creating Blender stuff
00:11:42 | INFO: Blender create Mesh node shangri-la-grand
00:11:42 | INFO: glTF import finished in 0.02s
00:11:42 | INFO: Data are loaded, start creating Blender stuff
00:11:42 | INFO: Blender create Mesh node shangri-la-river
00:11:42 | INFO: glTF import finished in 0.02s
00:11:42 | INFO: Data are loaded, start creating Blender stuff
00:11:42 | INFO: Blender create Mesh node signal-tower
00:11:42 | INFO: glTF import finished in 0.01s
00:11:42 | INFO: Data are loaded, start creating Blender stuff
00:11:42 | INFO: Blender create Mesh node stock-exchange
00:11:42 | INFO: glTF import finished in 0.00s
00:11:42 | INFO: Data are loaded, start creating Blender stuff
00:11:42 | INFO: Blender create Mesh node super-brand-mall
00:11:42 | INFO: glTF import finished in 0.01s
00:11:43 | INFO: Data are loaded, start creating Blender stuff
00:11:43 | INFO: Blender create Mesh node osm-relation-3898738
00:11:43 | INFO: Blender create Mesh node osm-relation-5496035
00:11:43 | INFO: Blender create Mesh node osm-relation-5496035.001
00:11:43 | INFO: Blender create Mesh node osm-relation-5664042
00:11:43 | INFO: Blender create Mesh node osm-relation-6651434
00:11:43 | INFO: Blender create Mesh node osm-relation-8477819
00:11:43 | INFO: Blender create Mesh node osm-relation-10284987
00:11:43 | INFO: Blender create Mesh node osm-relation-10556121
00:11:43 | INFO: Blender create Mesh node osm-relation-12402893
00:11:43 | INFO: Blender create Mesh node osm-relation-12871465
00:11:43 | INFO: Blender create Mesh node osm-relation-12871465.001
00:11:43 | INFO: Blender create Mesh node osm-relation-12871465.002
00:11:43 | INFO: Blender create Mesh node osm-relation-12871465.003
00:11:43 | INFO: Blender create Mesh node osm-relation-12871466
00:11:43 | INFO: Blender create Mesh node osm-relation-12871466.001
00:11:43 | INFO: Blender create Mesh node osm-relation-12871467
00:11:43 | INFO: Blender create Mesh node osm-relation-12871467.001
00:11:43 | INFO: Blender create Mesh node osm-relation-12871467.002
00:11:43 | INFO: Blender create Mesh node osm-relation-12871468
00:11:43 | INFO: Blender create Mesh node osm-relation-12871468.001
00:11:43 | INFO: Blender create Mesh node osm-relation-12871568
00:11:43 | INFO: Blender create Mesh node osm-relation-12871568.001
00:11:43 | INFO: Blender create Mesh node osm-relation-12876241
00:11:43 | INFO: Blender create Mesh node osm-relation-12876241.001
00:11:43 | INFO: Blender create Mesh node osm-relation-12876241.002
00:11:43 | INFO: Blender create Mesh node osm-relation-12876242
00:11:43 | INFO: Blender create Mesh node osm-relation-12876242.001
00:11:43 | INFO: Blender create Mesh node osm-relation-12876295
00:11:43 | INFO: Blender create Mesh node osm-relation-12876295.001
00:11:43 | INFO: Blender create Mesh node osm-relation-12876296
00:11:43 | INFO: Blender create Mesh node osm-relation-12876296.001
00:11:43 | INFO: Blender create Mesh node osm-relation-12882160
00:11:43 | INFO: Blender create Mesh node osm-relation-12882160.001
00:11:43 | INFO: Blender create Mesh node osm-relation-12894549
00:11:43 | INFO: Blender create Mesh node osm-relation-12894549.001
00:11:43 | INFO: Blender create Mesh node osm-relation-12894550
00:11:43 | INFO: Blender create Mesh node osm-relation-12894550.001
00:11:43 | INFO: Blender create Mesh node osm-relation-12894551
00:11:43 | INFO: Blender create Mesh node osm-relation-12894551.001
00:11:43 | INFO: Blender create Mesh node osm-relation-12894552
00:11:43 | INFO: Blender create Mesh node osm-relation-12894552.001
00:11:43 | INFO: Blender create Mesh node osm-relation-12894552.002
00:11:43 | INFO: Blender create Mesh node osm-relation-12898502
00:11:43 | INFO: Blender create Mesh node osm-relation-12898502.001
00:11:43 | INFO: Blender create Mesh node osm-relation-12898502.002
00:11:43 | INFO: Blender create Mesh node osm-relation-12899002
00:11:43 | INFO: Blender create Mesh node osm-relation-12899002.001
00:11:43 | INFO: Blender create Mesh node osm-relation-12899002.002
00:11:43 | INFO: Blender create Mesh node osm-relation-12899003
00:11:43 | INFO: Blender create Mesh node osm-relation-12899003.001
00:11:43 | INFO: Blender create Mesh node osm-relation-12910879
00:11:43 | INFO: Blender create Mesh node osm-relation-12910879.001
00:11:43 | INFO: Blender create Mesh node osm-relation-12910880
00:11:43 | INFO: Blender create Mesh node osm-relation-12910880.001
00:11:43 | INFO: Blender create Mesh node osm-relation-12910881
00:11:43 | INFO: Blender create Mesh node osm-relation-12910881.001
00:11:43 | INFO: Blender create Mesh node osm-relation-12910882
00:11:43 | INFO: Blender create Mesh node osm-relation-12910882.001
00:11:43 | INFO: Blender create Mesh node osm-relation-12910883
00:11:43 | INFO: Blender create Mesh node osm-relation-12910883.001
00:11:43 | INFO: Blender create Mesh node osm-relation-12910884
00:11:43 | INFO: Blender create Mesh node osm-relation-12910884.001
00:11:43 | INFO: Blender create Mesh node osm-relation-12914790
00:11:43 | INFO: Blender create Mesh node osm-relation-12914790.001
00:11:43 | INFO: Blender create Mesh node osm-relation-12918190
00:11:43 | INFO: Blender create Mesh node osm-relation-12918190.001
00:11:43 | INFO: Blender create Mesh node osm-relation-12918190.002
00:11:43 | INFO: Blender create Mesh node osm-relation-12918190.003
00:11:43 | INFO: Blender create Mesh node osm-relation-12918191
00:11:43 | INFO: Blender create Mesh node osm-relation-12918191.001
00:11:43 | INFO: Blender create Mesh node osm-relation-12918191.002
00:11:43 | INFO: Blender create Mesh node osm-relation-12918191.003
00:11:43 | INFO: Blender create Mesh node osm-relation-12918192
00:11:43 | INFO: Blender create Mesh node osm-relation-12918192.001
00:11:43 | INFO: Blender create Mesh node osm-relation-12918192.002
00:11:43 | INFO: Blender create Mesh node osm-relation-12918192.003
00:11:43 | INFO: Blender create Mesh node osm-relation-12966760
00:11:43 | INFO: Blender create Mesh node osm-relation-12966760.001
00:11:43 | INFO: Blender create Mesh node osm-relation-12966761
00:11:43 | INFO: Blender create Mesh node osm-relation-12966761.001
00:11:43 | INFO: Blender create Mesh node osm-relation-12967007
00:11:43 | INFO: Blender create Mesh node osm-relation-12967007.001
00:11:43 | INFO: Blender create Mesh node osm-relation-12967274
00:11:43 | INFO: Blender create Mesh node osm-relation-12967274.001
00:11:43 | INFO: Blender create Mesh node osm-relation-12967308
00:11:43 | INFO: Blender create Mesh node osm-relation-12967308.001
00:11:43 | INFO: Blender create Mesh node osm-relation-12967308.002
00:11:43 | INFO: Blender create Mesh node osm-relation-12980923
00:11:43 | INFO: Blender create Mesh node osm-relation-12980923.001
00:11:43 | INFO: Blender create Mesh node osm-relation-12980924
00:11:43 | INFO: Blender create Mesh node osm-relation-12980924.001
00:11:43 | INFO: Blender create Mesh node osm-relation-12981302
00:11:43 | INFO: Blender create Mesh node osm-relation-12981302.001
00:11:43 | INFO: Blender create Mesh node osm-relation-12981303
00:11:43 | INFO: Blender create Mesh node osm-relation-12981303.001
00:11:43 | INFO: Blender create Mesh node osm-relation-12981304
00:11:43 | INFO: Blender create Mesh node osm-relation-12981304.001
00:11:43 | INFO: Blender create Mesh node osm-relation-12981305
00:11:43 | INFO: Blender create Mesh node osm-relation-12981307
00:11:43 | INFO: Blender create Mesh node osm-relation-12981307.001
00:11:43 | INFO: Blender create Mesh node osm-relation-12981307.002
00:11:43 | INFO: Blender create Mesh node osm-relation-12981308
00:11:43 | INFO: Blender create Mesh node osm-relation-12981308.001
00:11:43 | INFO: Blender create Mesh node osm-relation-12981309
00:11:43 | INFO: Blender create Mesh node osm-relation-12981309.001
00:11:43 | INFO: Blender create Mesh node osm-relation-13024713
00:11:43 | INFO: Blender create Mesh node osm-relation-13024714
00:11:43 | INFO: Blender create Mesh node osm-relation-13024714.001
00:11:43 | INFO: Blender create Mesh node osm-relation-13024715
00:11:43 | INFO: Blender create Mesh node osm-relation-13024715.001
00:11:43 | INFO: Blender create Mesh node osm-relation-13024716
00:11:43 | INFO: Blender create Mesh node osm-relation-13024716.001
00:11:43 | INFO: Blender create Mesh node osm-relation-13024716.002
00:11:43 | INFO: Blender create Mesh node osm-relation-13024716.003
00:11:43 | INFO: Blender create Mesh node osm-relation-13024716.004
00:11:43 | INFO: Blender create Mesh node osm-relation-13024716.005
00:11:43 | INFO: Blender create Mesh node osm-relation-13024717
00:11:43 | INFO: Blender create Mesh node osm-relation-13024717.001
00:11:43 | INFO: Blender create Mesh node osm-relation-13024717.002
00:11:43 | INFO: Blender create Mesh node osm-relation-13024717.003
00:11:43 | INFO: Blender create Mesh node osm-relation-13024718
00:11:43 | INFO: Blender create Mesh node osm-relation-13024718.001
00:11:43 | INFO: Blender create Mesh node osm-relation-13024718.002
00:11:43 | INFO: Blender create Mesh node osm-relation-13024718.003
00:11:43 | INFO: Blender create Mesh node osm-relation-13024718.004
00:11:43 | INFO: Blender create Mesh node osm-relation-13024718.005
00:11:43 | INFO: Blender create Mesh node osm-relation-13024719
00:11:43 | INFO: Blender create Mesh node osm-relation-13024719.001
00:11:43 | INFO: Blender create Mesh node osm-relation-13024720
00:11:43 | INFO: Blender create Mesh node osm-relation-13024720.001
00:11:44 | INFO: Blender create Mesh node osm-relation-13024721
00:11:44 | INFO: Blender create Mesh node osm-relation-13024721.001
00:11:44 | INFO: Blender create Mesh node osm-relation-13042457
00:11:44 | INFO: Blender create Mesh node osm-relation-16151451
00:11:44 | INFO: Blender create Mesh node osm-relation-16196808
00:11:44 | INFO: Blender create Mesh node osm-relation-16213630
00:11:44 | INFO: Blender create Mesh node osm-relation-17625579
00:11:44 | INFO: Blender create Mesh node osm-relation-17818757
00:11:44 | INFO: Blender create Mesh node osm-relation-19420005
00:11:44 | INFO: Blender create Mesh node osm-relation-19420005.001
00:11:44 | INFO: Blender create Mesh node osm-relation-19571366
00:11:44 | INFO: Blender create Mesh node osm-relation-19571366.001
00:11:44 | INFO: Blender create Mesh node osm-relation-19571367
00:11:44 | INFO: Blender create Mesh node osm-relation-19571367.001
00:11:44 | INFO: Blender create Mesh node osm-relation-19572042
00:11:44 | INFO: Blender create Mesh node osm-relation-19572042.001
00:11:44 | INFO: Blender create Mesh node osm-relation-19600205
00:11:44 | INFO: Blender create Mesh node osm-relation-19600205.001
00:11:44 | INFO: Blender create Mesh node osm-relation-19600205.002
00:11:44 | INFO: Blender create Mesh node osm-relation-19600205.003
00:11:44 | INFO: Blender create Mesh node osm-relation-19600205.004
00:11:44 | INFO: Blender create Mesh node osm-relation-19600207
00:11:44 | INFO: Blender create Mesh node osm-relation-19600207.001
00:11:44 | INFO: Blender create Mesh node osm-relation-19600208
00:11:44 | INFO: Blender create Mesh node osm-relation-19600208.001
00:11:44 | INFO: Blender create Mesh node osm-relation-19600209
00:11:44 | INFO: Blender create Mesh node osm-relation-19600209.001
00:11:44 | INFO: Blender create Mesh node osm-relation-19600209.002
00:11:44 | INFO: Blender create Mesh node osm-relation-19600209.003
00:11:44 | INFO: Blender create Mesh node osm-relation-19600209.004
00:11:44 | INFO: Blender create Mesh node osm-relation-19600209.005
00:11:44 | INFO: Blender create Mesh node osm-relation-19600209.006
00:11:44 | INFO: Blender create Mesh node osm-relation-19600209.007
00:11:44 | INFO: Blender create Mesh node osm-relation-19600209.008
00:11:44 | INFO: Blender create Mesh node osm-relation-19600210
00:11:44 | INFO: Blender create Mesh node osm-relation-19600210.001
00:11:44 | INFO: Blender create Mesh node osm-relation-19600210.002
00:11:44 | INFO: Blender create Mesh node osm-relation-19600210.003
00:11:44 | INFO: Blender create Mesh node osm-relation-19600210.004
00:11:44 | INFO: Blender create Mesh node osm-relation-19600210.005
00:11:44 | INFO: Blender create Mesh node osm-relation-19600210.006
00:11:44 | INFO: Blender create Mesh node osm-relation-19600211
00:11:44 | INFO: Blender create Mesh node osm-relation-19600211.001
00:11:44 | INFO: Blender create Mesh node osm-relation-19600211.002
00:11:44 | INFO: Blender create Mesh node osm-relation-19600211.003
00:11:44 | INFO: Blender create Mesh node osm-relation-19600211.004
00:11:44 | INFO: Blender create Mesh node osm-relation-19600211.005
00:11:44 | INFO: Blender create Mesh node osm-relation-19600211.006
00:11:44 | INFO: Blender create Mesh node osm-relation-19601011
00:11:44 | INFO: Blender create Mesh node osm-relation-19601011.001
00:11:44 | INFO: Blender create Mesh node osm-relation-19601012
00:11:44 | INFO: Blender create Mesh node osm-relation-19601012.001
00:11:44 | INFO: Blender create Mesh node osm-relation-19601014
00:11:44 | INFO: Blender create Mesh node osm-relation-19601014.001
00:11:44 | INFO: Blender create Mesh node osm-relation-19601015
00:11:44 | INFO: Blender create Mesh node osm-relation-19601015.001
00:11:44 | INFO: Blender create Mesh node osm-relation-19601015.002
00:11:44 | INFO: Blender create Mesh node osm-way-10627378
00:11:44 | INFO: Blender create Mesh node osm-way-10639412
00:11:44 | INFO: Blender create Mesh node osm-way-11629977
00:11:44 | INFO: Blender create Mesh node osm-way-11636772
00:11:44 | INFO: Blender create Mesh node osm-way-11636786
00:11:44 | INFO: Blender create Mesh node osm-way-11636796
00:11:44 | INFO: Blender create Mesh node osm-way-40778736
00:11:44 | INFO: Blender create Mesh node osm-way-83133885
00:11:44 | INFO: Blender create Mesh node osm-way-113520430
00:11:44 | INFO: Blender create Mesh node osm-way-130396592
00:11:44 | INFO: Blender create Mesh node osm-way-142741996
00:11:44 | INFO: Blender create Mesh node osm-way-160033736
00:11:44 | INFO: Blender create Mesh node osm-way-160074074
00:11:44 | INFO: Blender create Mesh node osm-way-160074076
00:11:44 | INFO: Blender create Mesh node osm-way-160074079
00:11:44 | INFO: Blender create Mesh node osm-way-160074088
00:11:44 | INFO: Blender create Mesh node osm-way-160152533
00:11:44 | INFO: Blender create Mesh node osm-way-160165834
00:11:44 | INFO: Blender create Mesh node osm-way-160821059
00:11:44 | INFO: Blender create Mesh node osm-way-164903482
00:11:44 | INFO: Blender create Mesh node osm-way-164905211
00:11:44 | INFO: Blender create Mesh node osm-way-164959115
00:11:44 | INFO: Blender create Mesh node osm-way-164959120
00:11:44 | INFO: Blender create Mesh node osm-way-164959123
00:11:44 | INFO: Blender create Mesh node osm-way-164959124
00:11:44 | INFO: Blender create Mesh node osm-way-164959125
00:11:44 | INFO: Blender create Mesh node osm-way-164959129
00:11:44 | INFO: Blender create Mesh node osm-way-164971463
00:11:44 | INFO: Blender create Mesh node osm-way-164972435
00:11:44 | INFO: Blender create Mesh node osm-way-165166855
00:11:44 | INFO: Blender create Mesh node osm-way-165166856
00:11:44 | INFO: Blender create Mesh node osm-way-165166858
00:11:44 | INFO: Blender create Mesh node osm-way-165166866
00:11:44 | INFO: Blender create Mesh node osm-way-165166867
00:11:44 | INFO: Blender create Mesh node osm-way-165166871
00:11:44 | INFO: Blender create Mesh node osm-way-165166877
00:11:44 | INFO: Blender create Mesh node osm-way-165166878
00:11:44 | INFO: Blender create Mesh node osm-way-165166879
00:11:44 | INFO: Blender create Mesh node osm-way-165168090
00:11:44 | INFO: Blender create Mesh node osm-way-165168178
00:11:44 | INFO: Blender create Mesh node osm-way-165168179
00:11:44 | INFO: Blender create Mesh node osm-way-165168180
00:11:44 | INFO: Blender create Mesh node osm-way-165168430
00:11:44 | INFO: Blender create Mesh node osm-way-165168434
00:11:44 | INFO: Blender create Mesh node osm-way-165168438
00:11:44 | INFO: Blender create Mesh node osm-way-165791764
00:11:44 | INFO: Blender create Mesh node osm-way-165791765
00:11:44 | INFO: Blender create Mesh node osm-way-165985306
00:11:44 | INFO: Blender create Mesh node osm-way-165985308
00:11:44 | INFO: Blender create Mesh node osm-way-166110060
00:11:44 | INFO: Blender create Mesh node osm-way-166125926
00:11:44 | INFO: Blender create Mesh node osm-way-166125932
00:11:44 | INFO: Blender create Mesh node osm-way-166126955
00:11:44 | INFO: Blender create Mesh node osm-way-166328192
00:11:44 | INFO: Blender create Mesh node osm-way-166544770
00:11:44 | INFO: Blender create Mesh node osm-way-166545281
00:11:44 | INFO: Blender create Mesh node osm-way-167049144
00:11:44 | INFO: Blender create Mesh node osm-way-167061959
00:11:44 | INFO: Blender create Mesh node osm-way-177599329
00:11:44 | INFO: Blender create Mesh node osm-way-177600012
00:11:44 | INFO: Blender create Mesh node osm-way-177600014
00:11:44 | INFO: Blender create Mesh node osm-way-177600015
00:11:44 | INFO: Blender create Mesh node osm-way-177714724
00:11:44 | INFO: Blender create Mesh node osm-way-177714739
00:11:44 | INFO: Blender create Mesh node osm-way-177928803
00:11:44 | INFO: Blender create Mesh node osm-way-177929845
00:11:44 | INFO: Blender create Mesh node osm-way-177930863
00:11:44 | INFO: Blender create Mesh node osm-way-177998983
00:11:44 | INFO: Blender create Mesh node osm-way-177998984
00:11:44 | INFO: Blender create Mesh node osm-way-177998988
00:11:44 | INFO: Blender create Mesh node osm-way-177998989
00:11:44 | INFO: Blender create Mesh node osm-way-178405874
00:11:44 | INFO: Blender create Mesh node osm-way-178406075
00:11:44 | INFO: Blender create Mesh node osm-way-178410324
00:11:44 | INFO: Blender create Mesh node osm-way-178564468
00:11:44 | INFO: Blender create Mesh node osm-way-185831247
00:11:44 | INFO: Blender create Mesh node osm-way-189037696
00:11:44 | INFO: Blender create Mesh node osm-way-189577223
00:11:44 | INFO: Blender create Mesh node osm-way-198407280
00:11:44 | INFO: Blender create Mesh node osm-way-198407281
00:11:44 | INFO: Blender create Mesh node osm-way-206160228
00:11:44 | INFO: Blender create Mesh node osm-way-228035329
00:11:44 | INFO: Blender create Mesh node osm-way-228035331
00:11:44 | INFO: Blender create Mesh node osm-way-228035332
00:11:44 | INFO: Blender create Mesh node osm-way-228035335
00:11:44 | INFO: Blender create Mesh node osm-way-228035340
00:11:44 | INFO: Blender create Mesh node osm-way-228035345
00:11:44 | INFO: Blender create Mesh node osm-way-248876130
00:11:44 | INFO: Blender create Mesh node osm-way-250067019
00:11:44 | INFO: Blender create Mesh node osm-way-255624910
00:11:44 | INFO: Blender create Mesh node osm-way-263368287
00:11:44 | INFO: Blender create Mesh node osm-way-275414171
00:11:44 | INFO: Blender create Mesh node osm-way-292718776
00:11:44 | INFO: Blender create Mesh node osm-way-292718777
00:11:44 | INFO: Blender create Mesh node osm-way-292718778
00:11:44 | INFO: Blender create Mesh node osm-way-292818816
00:11:44 | INFO: Blender create Mesh node osm-way-292818817
00:11:44 | INFO: Blender create Mesh node osm-way-293400230
00:11:44 | INFO: Blender create Mesh node osm-way-293400231
00:11:44 | INFO: Blender create Mesh node osm-way-293504472
00:11:44 | INFO: Blender create Mesh node osm-way-293504473
00:11:44 | INFO: Blender create Mesh node osm-way-293504474
00:11:44 | INFO: Blender create Mesh node osm-way-293504476
00:11:44 | INFO: Blender create Mesh node osm-way-293504479
00:11:44 | INFO: Blender create Mesh node osm-way-293504482
00:11:44 | INFO: Blender create Mesh node osm-way-293504483
00:11:44 | INFO: Blender create Mesh node osm-way-293504485
00:11:44 | INFO: Blender create Mesh node osm-way-293504490
00:11:44 | INFO: Blender create Mesh node osm-way-293504491
00:11:44 | INFO: Blender create Mesh node osm-way-293504498
00:11:44 | INFO: Blender create Mesh node osm-way-293504499
00:11:44 | INFO: Blender create Mesh node osm-way-293563945
00:11:44 | INFO: Blender create Mesh node osm-way-293563946
00:11:44 | INFO: Blender create Mesh node osm-way-293563947
00:11:44 | INFO: Blender create Mesh node osm-way-293563951
00:11:44 | INFO: Blender create Mesh node osm-way-293563952
00:11:44 | INFO: Blender create Mesh node osm-way-293563953
00:11:44 | INFO: Blender create Mesh node osm-way-297827876
00:11:44 | INFO: Blender create Mesh node osm-way-297827877
00:11:44 | INFO: Blender create Mesh node osm-way-297827878
00:11:44 | INFO: Blender create Mesh node osm-way-297827879
00:11:44 | INFO: Blender create Mesh node osm-way-300054522
00:11:44 | INFO: Blender create Mesh node osm-way-300054532
00:11:44 | INFO: Blender create Mesh node osm-way-300054655
00:11:44 | INFO: Blender create Mesh node osm-way-300480894
00:11:44 | INFO: Blender create Mesh node osm-way-300481519
00:11:44 | INFO: Blender create Mesh node osm-way-303313597
00:11:44 | INFO: Blender create Mesh node osm-way-303313598
00:11:44 | INFO: Blender create Mesh node osm-way-303313599
00:11:44 | INFO: Blender create Mesh node osm-way-303313600
00:11:44 | INFO: Blender create Mesh node osm-way-303313601
00:11:44 | INFO: Blender create Mesh node osm-way-303313602
00:11:44 | INFO: Blender create Mesh node osm-way-303313603
00:11:44 | INFO: Blender create Mesh node osm-way-303314584
00:11:44 | INFO: Blender create Mesh node osm-way-303314587
00:11:44 | INFO: Blender create Mesh node osm-way-307126048
00:11:44 | INFO: Blender create Mesh node osm-way-307126049
00:11:44 | INFO: Blender create Mesh node osm-way-307911305
00:11:44 | INFO: Blender create Mesh node osm-way-307917289
00:11:44 | INFO: Blender create Mesh node osm-way-307917290
00:11:44 | INFO: Blender create Mesh node osm-way-311064998
00:11:44 | INFO: Blender create Mesh node osm-way-311064999
00:11:44 | INFO: Blender create Mesh node osm-way-320908499
00:11:44 | INFO: Blender create Mesh node osm-way-325227693
00:11:44 | INFO: Blender create Mesh node osm-way-325227694
00:11:44 | INFO: Blender create Mesh node osm-way-325227695
00:11:44 | INFO: Blender create Mesh node osm-way-326196925
00:11:44 | INFO: Blender create Mesh node osm-way-369237836
00:11:44 | INFO: Blender create Mesh node osm-way-369237839
00:11:44 | INFO: Blender create Mesh node osm-way-369237850
00:11:44 | INFO: Blender create Mesh node osm-way-369237871
00:11:44 | INFO: Blender create Mesh node osm-way-369237884
00:11:44 | INFO: Blender create Mesh node osm-way-369237894
00:11:44 | INFO: Blender create Mesh node osm-way-369237901
00:11:44 | INFO: Blender create Mesh node osm-way-369237910
00:11:44 | INFO: Blender create Mesh node osm-way-369237916
00:11:44 | INFO: Blender create Mesh node osm-way-369237931
00:11:44 | INFO: Blender create Mesh node osm-way-369237934
00:11:44 | INFO: Blender create Mesh node osm-way-369237966
00:11:44 | INFO: Blender create Mesh node osm-way-369237982
00:11:44 | INFO: Blender create Mesh node osm-way-369237987
00:11:44 | INFO: Blender create Mesh node osm-way-369237988
00:11:44 | INFO: Blender create Mesh node osm-way-369238001
00:11:44 | INFO: Blender create Mesh node osm-way-369238006
00:11:44 | INFO: Blender create Mesh node osm-way-369238010
00:11:44 | INFO: Blender create Mesh node osm-way-369238015
00:11:44 | INFO: Blender create Mesh node osm-way-369549406
00:11:44 | INFO: Blender create Mesh node osm-way-369549452
00:11:44 | INFO: Blender create Mesh node osm-way-369819131
00:11:44 | INFO: Blender create Mesh node osm-way-372180483
00:11:44 | INFO: Blender create Mesh node osm-way-375966620
00:11:44 | INFO: Blender create Mesh node osm-way-378107080
00:11:44 | INFO: Blender create Mesh node osm-way-378107081
00:11:44 | INFO: Blender create Mesh node osm-way-378107083
00:11:44 | INFO: Blender create Mesh node osm-way-378107084
00:11:44 | INFO: Blender create Mesh node osm-way-378107089
00:11:44 | INFO: Blender create Mesh node osm-way-378107090
00:11:44 | INFO: Blender create Mesh node osm-way-378107091
00:11:44 | INFO: Blender create Mesh node osm-way-378107093
00:11:44 | INFO: Blender create Mesh node osm-way-378107094
00:11:44 | INFO: Blender create Mesh node osm-way-378107095
00:11:44 | INFO: Blender create Mesh node osm-way-378107096
00:11:44 | INFO: Blender create Mesh node osm-way-378107098
00:11:44 | INFO: Blender create Mesh node osm-way-378107099
00:11:44 | INFO: Blender create Mesh node osm-way-378107100
00:11:44 | INFO: Blender create Mesh node osm-way-378107101
00:11:44 | INFO: Blender create Mesh node osm-way-378107102
00:11:44 | INFO: Blender create Mesh node osm-way-378107103
00:11:44 | INFO: Blender create Mesh node osm-way-378107106
00:11:44 | INFO: Blender create Mesh node osm-way-378107107
00:11:44 | INFO: Blender create Mesh node osm-way-378107108
00:11:44 | INFO: Blender create Mesh node osm-way-378107111
00:11:44 | INFO: Blender create Mesh node osm-way-378107112
00:11:44 | INFO: Blender create Mesh node osm-way-378107114
00:11:44 | INFO: Blender create Mesh node osm-way-378107115
00:11:44 | INFO: Blender create Mesh node osm-way-378107117
00:11:44 | INFO: Blender create Mesh node osm-way-378107118
00:11:44 | INFO: Blender create Mesh node osm-way-378107119
00:11:44 | INFO: Blender create Mesh node osm-way-378107120
00:11:44 | INFO: Blender create Mesh node osm-way-378107122
00:11:44 | INFO: Blender create Mesh node osm-way-378107123
00:11:44 | INFO: Blender create Mesh node osm-way-378107124
00:11:44 | INFO: Blender create Mesh node osm-way-378107125
00:11:44 | INFO: Blender create Mesh node osm-way-378107126
00:11:44 | INFO: Blender create Mesh node osm-way-378107127
00:11:44 | INFO: Blender create Mesh node osm-way-378107129
00:11:44 | INFO: Blender create Mesh node osm-way-378107132
00:11:44 | INFO: Blender create Mesh node osm-way-378107135
00:11:44 | INFO: Blender create Mesh node osm-way-378107138
00:11:44 | INFO: Blender create Mesh node osm-way-378107139
00:11:44 | INFO: Blender create Mesh node osm-way-378107140
00:11:44 | INFO: Blender create Mesh node osm-way-378107142
00:11:44 | INFO: Blender create Mesh node osm-way-378107145
00:11:44 | INFO: Blender create Mesh node osm-way-378107146
00:11:44 | INFO: Blender create Mesh node osm-way-378107147
00:11:44 | INFO: Blender create Mesh node osm-way-378107148
00:11:44 | INFO: Blender create Mesh node osm-way-378107150
00:11:44 | INFO: Blender create Mesh node osm-way-378107152
00:11:44 | INFO: Blender create Mesh node osm-way-378107157
00:11:44 | INFO: Blender create Mesh node osm-way-378107158
00:11:44 | INFO: Blender create Mesh node osm-way-378107163
00:11:44 | INFO: Blender create Mesh node osm-way-378107164
00:11:44 | INFO: Blender create Mesh node osm-way-378107165
00:11:44 | INFO: Blender create Mesh node osm-way-378107166
00:11:44 | INFO: Blender create Mesh node osm-way-378107167
00:11:44 | INFO: Blender create Mesh node osm-way-378107169
00:11:44 | INFO: Blender create Mesh node osm-way-378107170
00:11:44 | INFO: Blender create Mesh node osm-way-378107171
00:11:44 | INFO: Blender create Mesh node osm-way-378107172
00:11:44 | INFO: Blender create Mesh node osm-way-378107173
00:11:44 | INFO: Blender create Mesh node osm-way-378107176
00:11:44 | INFO: Blender create Mesh node osm-way-378107178
00:11:44 | INFO: Blender create Mesh node osm-way-378107179
00:11:44 | INFO: Blender create Mesh node osm-way-378107180
00:11:44 | INFO: Blender create Mesh node osm-way-378107181
00:11:44 | INFO: Blender create Mesh node osm-way-378107182
00:11:44 | INFO: Blender create Mesh node osm-way-378107183
00:11:44 | INFO: Blender create Mesh node osm-way-378107184
00:11:44 | INFO: Blender create Mesh node osm-way-378107185
00:11:44 | INFO: Blender create Mesh node osm-way-378107186
00:11:44 | INFO: Blender create Mesh node osm-way-378107187
00:11:44 | INFO: Blender create Mesh node osm-way-378107192
00:11:44 | INFO: Blender create Mesh node osm-way-378107193
00:11:44 | INFO: Blender create Mesh node osm-way-378107194
00:11:44 | INFO: Blender create Mesh node osm-way-378107197
00:11:44 | INFO: Blender create Mesh node osm-way-378107199
00:11:44 | INFO: Blender create Mesh node osm-way-378107200
00:11:44 | INFO: Blender create Mesh node osm-way-378107204
00:11:44 | INFO: Blender create Mesh node osm-way-378107207
00:11:44 | INFO: Blender create Mesh node osm-way-378107210
00:11:44 | INFO: Blender create Mesh node osm-way-378107211
00:11:44 | INFO: Blender create Mesh node osm-way-378107212
00:11:44 | INFO: Blender create Mesh node osm-way-378107213
00:11:44 | INFO: Blender create Mesh node osm-way-378107214
00:11:44 | INFO: Blender create Mesh node osm-way-378107215
00:11:44 | INFO: Blender create Mesh node osm-way-378107217
00:11:44 | INFO: Blender create Mesh node osm-way-378107219
00:11:44 | INFO: Blender create Mesh node osm-way-378107220
00:11:44 | INFO: Blender create Mesh node osm-way-378107221
00:11:44 | INFO: Blender create Mesh node osm-way-378107223
00:11:44 | INFO: Blender create Mesh node osm-way-378107226
00:11:44 | INFO: Blender create Mesh node osm-way-378107228
00:11:44 | INFO: Blender create Mesh node osm-way-378107230
00:11:44 | INFO: Blender create Mesh node osm-way-378107231
00:11:44 | INFO: Blender create Mesh node osm-way-378107234
00:11:44 | INFO: Blender create Mesh node osm-way-378107235
00:11:44 | INFO: Blender create Mesh node osm-way-378107236
00:11:44 | INFO: Blender create Mesh node osm-way-378107238
00:11:44 | INFO: Blender create Mesh node osm-way-378107241
00:11:44 | INFO: Blender create Mesh node osm-way-378107242
00:11:44 | INFO: Blender create Mesh node osm-way-378107245
00:11:44 | INFO: Blender create Mesh node osm-way-378107247
00:11:44 | INFO: Blender create Mesh node osm-way-378107249
00:11:44 | INFO: Blender create Mesh node osm-way-378107251
00:11:44 | INFO: Blender create Mesh node osm-way-378107253
00:11:44 | INFO: Blender create Mesh node osm-way-380339826
00:11:44 | INFO: Blender create Mesh node osm-way-380339829
00:11:44 | INFO: Blender create Mesh node osm-way-380339830
00:11:44 | INFO: Blender create Mesh node osm-way-380339831
00:11:44 | INFO: Blender create Mesh node osm-way-380339832
00:11:44 | INFO: Blender create Mesh node osm-way-380339835
00:11:44 | INFO: Blender create Mesh node osm-way-380339836
00:11:44 | INFO: Blender create Mesh node osm-way-380339837
00:11:44 | INFO: Blender create Mesh node osm-way-380339839
00:11:44 | INFO: Blender create Mesh node osm-way-380339841
00:11:44 | INFO: Blender create Mesh node osm-way-380339843
00:11:44 | INFO: Blender create Mesh node osm-way-380339844
00:11:44 | INFO: Blender create Mesh node osm-way-380339845
00:11:44 | INFO: Blender create Mesh node osm-way-380339846
00:11:44 | INFO: Blender create Mesh node osm-way-380339847
00:11:44 | INFO: Blender create Mesh node osm-way-380339849
00:11:44 | INFO: Blender create Mesh node osm-way-380339850
00:11:44 | INFO: Blender create Mesh node osm-way-380339851
00:11:44 | INFO: Blender create Mesh node osm-way-380339852
00:11:44 | INFO: Blender create Mesh node osm-way-380339854
00:11:44 | INFO: Blender create Mesh node osm-way-380339857
00:11:44 | INFO: Blender create Mesh node osm-way-380339859
00:11:44 | INFO: Blender create Mesh node osm-way-380339860
00:11:44 | INFO: Blender create Mesh node osm-way-380339861
00:11:44 | INFO: Blender create Mesh node osm-way-380339862
00:11:44 | INFO: Blender create Mesh node osm-way-380339863
00:11:44 | INFO: Blender create Mesh node osm-way-380339864
00:11:44 | INFO: Blender create Mesh node osm-way-380339869
00:11:44 | INFO: Blender create Mesh node osm-way-380339870
00:11:44 | INFO: Blender create Mesh node osm-way-380339871
00:11:44 | INFO: Blender create Mesh node osm-way-380339872
00:11:44 | INFO: Blender create Mesh node osm-way-380339874
00:11:44 | INFO: Blender create Mesh node osm-way-380339876
00:11:44 | INFO: Blender create Mesh node osm-way-380339877
00:11:44 | INFO: Blender create Mesh node osm-way-380339881
00:11:44 | INFO: Blender create Mesh node osm-way-380339883
00:11:44 | INFO: Blender create Mesh node osm-way-380339884
00:11:44 | INFO: Blender create Mesh node osm-way-380339885
00:11:44 | INFO: Blender create Mesh node osm-way-380339888
00:11:44 | INFO: Blender create Mesh node osm-way-380339889
00:11:44 | INFO: Blender create Mesh node osm-way-380339890
00:11:44 | INFO: Blender create Mesh node osm-way-380339891
00:11:44 | INFO: Blender create Mesh node osm-way-380339892
00:11:44 | INFO: Blender create Mesh node osm-way-380339893
00:11:44 | INFO: Blender create Mesh node osm-way-380339894
00:11:44 | INFO: Blender create Mesh node osm-way-380339895
00:11:44 | INFO: Blender create Mesh node osm-way-380339897
00:11:44 | INFO: Blender create Mesh node osm-way-380339899
00:11:44 | INFO: Blender create Mesh node osm-way-380339900
00:11:44 | INFO: Blender create Mesh node osm-way-380339902
00:11:44 | INFO: Blender create Mesh node osm-way-380339903
00:11:44 | INFO: Blender create Mesh node osm-way-380339907
00:11:44 | INFO: Blender create Mesh node osm-way-380339909
00:11:44 | INFO: Blender create Mesh node osm-way-380339910
00:11:44 | INFO: Blender create Mesh node osm-way-380339914
00:11:44 | INFO: Blender create Mesh node osm-way-380339915
00:11:44 | INFO: Blender create Mesh node osm-way-380339916
00:11:44 | INFO: Blender create Mesh node osm-way-380339917
00:11:44 | INFO: Blender create Mesh node osm-way-380339920
00:11:44 | INFO: Blender create Mesh node osm-way-380339924
00:11:44 | INFO: Blender create Mesh node osm-way-380339925
00:11:44 | INFO: Blender create Mesh node osm-way-380339926
00:11:44 | INFO: Blender create Mesh node osm-way-380339927
00:11:44 | INFO: Blender create Mesh node osm-way-380339930
00:11:44 | INFO: Blender create Mesh node osm-way-380339931
00:11:44 | INFO: Blender create Mesh node osm-way-380339941
00:11:44 | INFO: Blender create Mesh node osm-way-380339944
00:11:44 | INFO: Blender create Mesh node osm-way-380339946
00:11:44 | INFO: Blender create Mesh node osm-way-380339953
00:11:44 | INFO: Blender create Mesh node osm-way-380339956
00:11:44 | INFO: Blender create Mesh node osm-way-380339958
00:11:44 | INFO: Blender create Mesh node osm-way-380339960
00:11:44 | INFO: Blender create Mesh node osm-way-380339961
00:11:44 | INFO: Blender create Mesh node osm-way-380339962
00:11:44 | INFO: Blender create Mesh node osm-way-380339965
00:11:44 | INFO: Blender create Mesh node osm-way-380339966
00:11:44 | INFO: Blender create Mesh node osm-way-380339969
00:11:44 | INFO: Blender create Mesh node osm-way-380339970
00:11:44 | INFO: Blender create Mesh node osm-way-380339971
00:11:44 | INFO: Blender create Mesh node osm-way-380339972
00:11:44 | INFO: Blender create Mesh node osm-way-380339973
00:11:44 | INFO: Blender create Mesh node osm-way-380339974
00:11:44 | INFO: Blender create Mesh node osm-way-380339976
00:11:44 | INFO: Blender create Mesh node osm-way-380339977
00:11:44 | INFO: Blender create Mesh node osm-way-380339980
00:11:44 | INFO: Blender create Mesh node osm-way-380339983
00:11:44 | INFO: Blender create Mesh node osm-way-380339984
00:11:44 | INFO: Blender create Mesh node osm-way-380339987
00:11:44 | INFO: Blender create Mesh node osm-way-380339988
00:11:44 | INFO: Blender create Mesh node osm-way-380339991
00:11:44 | INFO: Blender create Mesh node osm-way-380339993
00:11:44 | INFO: Blender create Mesh node osm-way-380339997
00:11:44 | INFO: Blender create Mesh node osm-way-380339998
00:11:44 | INFO: Blender create Mesh node osm-way-380339999
00:11:44 | INFO: Blender create Mesh node osm-way-380340000
00:11:44 | INFO: Blender create Mesh node osm-way-380340001
00:11:44 | INFO: Blender create Mesh node osm-way-380340003
00:11:44 | INFO: Blender create Mesh node osm-way-380340008
00:11:44 | INFO: Blender create Mesh node osm-way-380340010
00:11:44 | INFO: Blender create Mesh node osm-way-380340011
00:11:44 | INFO: Blender create Mesh node osm-way-380340012
00:11:44 | INFO: Blender create Mesh node osm-way-380340014
00:11:44 | INFO: Blender create Mesh node osm-way-380340015
00:11:44 | INFO: Blender create Mesh node osm-way-380340017
00:11:44 | INFO: Blender create Mesh node osm-way-380340019
00:11:44 | INFO: Blender create Mesh node osm-way-380340021
00:11:44 | INFO: Blender create Mesh node osm-way-380340022
00:11:44 | INFO: Blender create Mesh node osm-way-380340023
00:11:44 | INFO: Blender create Mesh node osm-way-380340024
00:11:44 | INFO: Blender create Mesh node osm-way-380340025
00:11:44 | INFO: Blender create Mesh node osm-way-380340026
00:11:44 | INFO: Blender create Mesh node osm-way-380340029
00:11:44 | INFO: Blender create Mesh node osm-way-380340030
00:11:44 | INFO: Blender create Mesh node osm-way-380340032
00:11:44 | INFO: Blender create Mesh node osm-way-389701788
00:11:44 | INFO: Blender create Mesh node osm-way-389701798
00:11:44 | INFO: Blender create Mesh node osm-way-389701804
00:11:44 | INFO: Blender create Mesh node osm-way-389701810
00:11:44 | INFO: Blender create Mesh node osm-way-389701812
00:11:44 | INFO: Blender create Mesh node osm-way-389701814
00:11:44 | INFO: Blender create Mesh node osm-way-389701816
00:11:44 | INFO: Blender create Mesh node osm-way-389701866
00:11:44 | INFO: Blender create Mesh node osm-way-389701870
00:11:44 | INFO: Blender create Mesh node osm-way-389701871
00:11:44 | INFO: Blender create Mesh node osm-way-389701873
00:11:44 | INFO: Blender create Mesh node osm-way-389701874
00:11:44 | INFO: Blender create Mesh node osm-way-389701879
00:11:44 | INFO: Blender create Mesh node osm-way-389701893
00:11:44 | INFO: Blender create Mesh node osm-way-389701896
00:11:44 | INFO: Blender create Mesh node osm-way-389701901
00:11:44 | INFO: Blender create Mesh node osm-way-389701903
00:11:44 | INFO: Blender create Mesh node osm-way-389701904
00:11:44 | INFO: Blender create Mesh node osm-way-389701905
00:11:44 | INFO: Blender create Mesh node osm-way-389701906
00:11:44 | INFO: Blender create Mesh node osm-way-389701908
00:11:44 | INFO: Blender create Mesh node osm-way-389701910
00:11:44 | INFO: Blender create Mesh node osm-way-389701919
00:11:44 | INFO: Blender create Mesh node osm-way-389701920
00:11:44 | INFO: Blender create Mesh node osm-way-389701922
00:11:44 | INFO: Blender create Mesh node osm-way-389701924
00:11:44 | INFO: Blender create Mesh node osm-way-389701925
00:11:44 | INFO: Blender create Mesh node osm-way-389701934
00:11:44 | INFO: Blender create Mesh node osm-way-389701935
00:11:44 | INFO: Blender create Mesh node osm-way-389701938
00:11:44 | INFO: Blender create Mesh node osm-way-389701941
00:11:45 | INFO: Blender create Mesh node osm-way-389701946
00:11:45 | INFO: Blender create Mesh node osm-way-389701948
00:11:45 | INFO: Blender create Mesh node osm-way-389701951
00:11:45 | INFO: Blender create Mesh node osm-way-389701954
00:11:45 | INFO: Blender create Mesh node osm-way-389701956
00:11:45 | INFO: Blender create Mesh node osm-way-389701958
00:11:45 | INFO: Blender create Mesh node osm-way-389701964
00:11:45 | INFO: Blender create Mesh node osm-way-389701966
00:11:45 | INFO: Blender create Mesh node osm-way-389701971
00:11:45 | INFO: Blender create Mesh node osm-way-389701973
00:11:45 | INFO: Blender create Mesh node osm-way-389701974
00:11:45 | INFO: Blender create Mesh node osm-way-389701979
00:11:45 | INFO: Blender create Mesh node osm-way-389701987
00:11:45 | INFO: Blender create Mesh node osm-way-389701990
00:11:45 | INFO: Blender create Mesh node osm-way-389701999
00:11:45 | INFO: Blender create Mesh node osm-way-389702002
00:11:45 | INFO: Blender create Mesh node osm-way-389702008
00:11:45 | INFO: Blender create Mesh node osm-way-389702014
00:11:45 | INFO: Blender create Mesh node osm-way-389702015
00:11:45 | INFO: Blender create Mesh node osm-way-389702016
00:11:45 | INFO: Blender create Mesh node osm-way-389702018
00:11:45 | INFO: Blender create Mesh node osm-way-389702027
00:11:45 | INFO: Blender create Mesh node osm-way-389702030
00:11:45 | INFO: Blender create Mesh node osm-way-389702033
00:11:45 | INFO: Blender create Mesh node osm-way-389702034
00:11:45 | INFO: Blender create Mesh node osm-way-389702035
00:11:45 | INFO: Blender create Mesh node osm-way-389702037
00:11:45 | INFO: Blender create Mesh node osm-way-389702039
00:11:45 | INFO: Blender create Mesh node osm-way-389702046
00:11:45 | INFO: Blender create Mesh node osm-way-389702049
00:11:45 | INFO: Blender create Mesh node osm-way-389702055
00:11:45 | INFO: Blender create Mesh node osm-way-389702059
00:11:45 | INFO: Blender create Mesh node osm-way-389702061
00:11:45 | INFO: Blender create Mesh node osm-way-389702071
00:11:45 | INFO: Blender create Mesh node osm-way-389702074
00:11:45 | INFO: Blender create Mesh node osm-way-389702081
00:11:45 | INFO: Blender create Mesh node osm-way-389702083
00:11:45 | INFO: Blender create Mesh node osm-way-389702086
00:11:45 | INFO: Blender create Mesh node osm-way-389702090
00:11:45 | INFO: Blender create Mesh node osm-way-389702092
00:11:45 | INFO: Blender create Mesh node osm-way-389702097
00:11:45 | INFO: Blender create Mesh node osm-way-389702099
00:11:45 | INFO: Blender create Mesh node osm-way-405326599
00:11:45 | INFO: Blender create Mesh node osm-way-408450629
00:11:45 | INFO: Blender create Mesh node osm-way-408450634
00:11:45 | INFO: Blender create Mesh node osm-way-408450636
00:11:45 | INFO: Blender create Mesh node osm-way-408450646
00:11:45 | INFO: Blender create Mesh node osm-way-408450647
00:11:45 | INFO: Blender create Mesh node osm-way-408450650
00:11:45 | INFO: Blender create Mesh node osm-way-408450652
00:11:45 | INFO: Blender create Mesh node osm-way-408450653
00:11:45 | INFO: Blender create Mesh node osm-way-408450660
00:11:45 | INFO: Blender create Mesh node osm-way-408450665
00:11:45 | INFO: Blender create Mesh node osm-way-408450668
00:11:45 | INFO: Blender create Mesh node osm-way-408450669
00:11:45 | INFO: Blender create Mesh node osm-way-408450670
00:11:45 | INFO: Blender create Mesh node osm-way-408450677
00:11:45 | INFO: Blender create Mesh node osm-way-408450678
00:11:45 | INFO: Blender create Mesh node osm-way-408450681
00:11:45 | INFO: Blender create Mesh node osm-way-408450682
00:11:45 | INFO: Blender create Mesh node osm-way-408450685
00:11:45 | INFO: Blender create Mesh node osm-way-408450689
00:11:45 | INFO: Blender create Mesh node osm-way-408450694
00:11:45 | INFO: Blender create Mesh node osm-way-408450696
00:11:45 | INFO: Blender create Mesh node osm-way-408450698
00:11:45 | INFO: Blender create Mesh node osm-way-408450708
00:11:45 | INFO: Blender create Mesh node osm-way-408450709
00:11:45 | INFO: Blender create Mesh node osm-way-408450711
00:11:45 | INFO: Blender create Mesh node osm-way-408450715
00:11:45 | INFO: Blender create Mesh node osm-way-408450718
00:11:45 | INFO: Blender create Mesh node osm-way-408450721
00:11:45 | INFO: Blender create Mesh node osm-way-408450722
00:11:45 | INFO: Blender create Mesh node osm-way-408450723
00:11:45 | INFO: Blender create Mesh node osm-way-408450724
00:11:45 | INFO: Blender create Mesh node osm-way-408450728
00:11:45 | INFO: Blender create Mesh node osm-way-408450734
00:11:45 | INFO: Blender create Mesh node osm-way-408450735
00:11:45 | INFO: Blender create Mesh node osm-way-408450738
00:11:45 | INFO: Blender create Mesh node osm-way-408450747
00:11:45 | INFO: Blender create Mesh node osm-way-408450748
00:11:45 | INFO: Blender create Mesh node osm-way-408450753
00:11:45 | INFO: Blender create Mesh node osm-way-408450754
00:11:45 | INFO: Blender create Mesh node osm-way-408450761
00:11:45 | INFO: Blender create Mesh node osm-way-408450767
00:11:45 | INFO: Blender create Mesh node osm-way-408450768
00:11:45 | INFO: Blender create Mesh node osm-way-408450780
00:11:45 | INFO: Blender create Mesh node osm-way-408450792
00:11:45 | INFO: Blender create Mesh node osm-way-408450798
00:11:45 | INFO: Blender create Mesh node osm-way-408450800
00:11:45 | INFO: Blender create Mesh node osm-way-408450803
00:11:45 | INFO: Blender create Mesh node osm-way-408450805
00:11:45 | INFO: Blender create Mesh node osm-way-408450806
00:11:45 | INFO: Blender create Mesh node osm-way-408450810
00:11:45 | INFO: Blender create Mesh node osm-way-414733151
00:11:45 | INFO: Blender create Mesh node osm-way-414733153
00:11:45 | INFO: Blender create Mesh node osm-way-414733172
00:11:45 | INFO: Blender create Mesh node osm-way-414733175
00:11:45 | INFO: Blender create Mesh node osm-way-414733185
00:11:45 | INFO: Blender create Mesh node osm-way-414733203
00:11:45 | INFO: Blender create Mesh node osm-way-415667808
00:11:45 | INFO: Blender create Mesh node osm-way-415667816
00:11:45 | INFO: Blender create Mesh node osm-way-415667822
00:11:45 | INFO: Blender create Mesh node osm-way-415667888
00:11:45 | INFO: Blender create Mesh node osm-way-427786590
00:11:45 | INFO: Blender create Mesh node osm-way-428179901
00:11:45 | INFO: Blender create Mesh node osm-way-428179902
00:11:45 | INFO: Blender create Mesh node osm-way-428179903
00:11:45 | INFO: Blender create Mesh node osm-way-428179905
00:11:45 | INFO: Blender create Mesh node osm-way-428179906
00:11:45 | INFO: Blender create Mesh node osm-way-428179909
00:11:45 | INFO: Blender create Mesh node osm-way-428179910
00:11:45 | INFO: Blender create Mesh node osm-way-428179911
00:11:45 | INFO: Blender create Mesh node osm-way-428179912
00:11:45 | INFO: Blender create Mesh node osm-way-428179913
00:11:45 | INFO: Blender create Mesh node osm-way-428179914
00:11:45 | INFO: Blender create Mesh node osm-way-428179917
00:11:45 | INFO: Blender create Mesh node osm-way-428179918
00:11:45 | INFO: Blender create Mesh node osm-way-428179920
00:11:45 | INFO: Blender create Mesh node osm-way-428179921
00:11:45 | INFO: Blender create Mesh node osm-way-428179922
00:11:45 | INFO: Blender create Mesh node osm-way-428179925
00:11:45 | INFO: Blender create Mesh node osm-way-428179926
00:11:45 | INFO: Blender create Mesh node osm-way-428186469
00:11:45 | INFO: Blender create Mesh node osm-way-428196072
00:11:45 | INFO: Blender create Mesh node osm-way-428196075
00:11:45 | INFO: Blender create Mesh node osm-way-428196078
00:11:45 | INFO: Blender create Mesh node osm-way-428196079
00:11:45 | INFO: Blender create Mesh node osm-way-428196090
00:11:45 | INFO: Blender create Mesh node osm-way-428196091
00:11:45 | INFO: Blender create Mesh node osm-way-428196092
00:11:45 | INFO: Blender create Mesh node osm-way-428196098
00:11:45 | INFO: Blender create Mesh node osm-way-428196106
00:11:45 | INFO: Blender create Mesh node osm-way-428196108
00:11:45 | INFO: Blender create Mesh node osm-way-428196112
00:11:45 | INFO: Blender create Mesh node osm-way-428202597
00:11:45 | INFO: Blender create Mesh node osm-way-428202599
00:11:45 | INFO: Blender create Mesh node osm-way-428202600
00:11:45 | INFO: Blender create Mesh node osm-way-428202601
00:11:45 | INFO: Blender create Mesh node osm-way-428202602
00:11:45 | INFO: Blender create Mesh node osm-way-428202603
00:11:45 | INFO: Blender create Mesh node osm-way-428202604
00:11:45 | INFO: Blender create Mesh node osm-way-428202605
00:11:45 | INFO: Blender create Mesh node osm-way-428202606
00:11:45 | INFO: Blender create Mesh node osm-way-428202607
00:11:45 | INFO: Blender create Mesh node osm-way-428202608
00:11:45 | INFO: Blender create Mesh node osm-way-428202609
00:11:45 | INFO: Blender create Mesh node osm-way-439877626
00:11:45 | INFO: Blender create Mesh node osm-way-439877627
00:11:45 | INFO: Blender create Mesh node osm-way-439877628
00:11:45 | INFO: Blender create Mesh node osm-way-439877629
00:11:45 | INFO: Blender create Mesh node osm-way-439877630
00:11:45 | INFO: Blender create Mesh node osm-way-439877631
00:11:45 | INFO: Blender create Mesh node osm-way-439877632
00:11:45 | INFO: Blender create Mesh node osm-way-440730276
00:11:45 | INFO: Blender create Mesh node osm-way-442978944
00:11:45 | INFO: Blender create Mesh node osm-way-442978951
00:11:45 | INFO: Blender create Mesh node osm-way-446933492
00:11:45 | INFO: Blender create Mesh node osm-way-446933494
00:11:45 | INFO: Blender create Mesh node osm-way-446933495
00:11:45 | INFO: Blender create Mesh node osm-way-446933496
00:11:45 | INFO: Blender create Mesh node osm-way-446933498
00:11:45 | INFO: Blender create Mesh node osm-way-446933499
00:11:45 | INFO: Blender create Mesh node osm-way-446933501
00:11:45 | INFO: Blender create Mesh node osm-way-446933502
00:11:45 | INFO: Blender create Mesh node osm-way-446933503
00:11:45 | INFO: Blender create Mesh node osm-way-446933506
00:11:45 | INFO: Blender create Mesh node osm-way-446933508
00:11:45 | INFO: Blender create Mesh node osm-way-446933509
00:11:45 | INFO: Blender create Mesh node osm-way-446933510
00:11:45 | INFO: Blender create Mesh node osm-way-446933511
00:11:45 | INFO: Blender create Mesh node osm-way-446933512
00:11:45 | INFO: Blender create Mesh node osm-way-446933513
00:11:45 | INFO: Blender create Mesh node osm-way-446933514
00:11:45 | INFO: Blender create Mesh node osm-way-446933515
00:11:45 | INFO: Blender create Mesh node osm-way-446933516
00:11:45 | INFO: Blender create Mesh node osm-way-446933517
00:11:45 | INFO: Blender create Mesh node osm-way-446933519
00:11:45 | INFO: Blender create Mesh node osm-way-446933520
00:11:45 | INFO: Blender create Mesh node osm-way-446933524
00:11:45 | INFO: Blender create Mesh node osm-way-446933526
00:11:45 | INFO: Blender create Mesh node osm-way-446933527
00:11:45 | INFO: Blender create Mesh node osm-way-446933528
00:11:45 | INFO: Blender create Mesh node osm-way-446933529
00:11:45 | INFO: Blender create Mesh node osm-way-446933530
00:11:45 | INFO: Blender create Mesh node osm-way-446933531
00:11:45 | INFO: Blender create Mesh node osm-way-446933532
00:11:45 | INFO: Blender create Mesh node osm-way-446933533
00:11:45 | INFO: Blender create Mesh node osm-way-446933537
00:11:45 | INFO: Blender create Mesh node osm-way-446933539
00:11:45 | INFO: Blender create Mesh node osm-way-446933540
00:11:45 | INFO: Blender create Mesh node osm-way-446933542
00:11:45 | INFO: Blender create Mesh node osm-way-446933543
00:11:45 | INFO: Blender create Mesh node osm-way-446933545
00:11:45 | INFO: Blender create Mesh node osm-way-446934320
00:11:45 | INFO: Blender create Mesh node osm-way-446934321
00:11:45 | INFO: Blender create Mesh node osm-way-446934322
00:11:45 | INFO: Blender create Mesh node osm-way-446934324
00:11:45 | INFO: Blender create Mesh node osm-way-446934325
00:11:45 | INFO: Blender create Mesh node osm-way-446934326
00:11:45 | INFO: Blender create Mesh node osm-way-446934327
00:11:45 | INFO: Blender create Mesh node osm-way-446934329
00:11:45 | INFO: Blender create Mesh node osm-way-446934330
00:11:45 | INFO: Blender create Mesh node osm-way-446934331
00:11:45 | INFO: Blender create Mesh node osm-way-446934332
00:11:45 | INFO: Blender create Mesh node osm-way-446934333
00:11:45 | INFO: Blender create Mesh node osm-way-446934334
00:11:45 | INFO: Blender create Mesh node osm-way-446934336
00:11:45 | INFO: Blender create Mesh node osm-way-446934337
00:11:45 | INFO: Blender create Mesh node osm-way-446934341
00:11:45 | INFO: Blender create Mesh node osm-way-446934342
00:11:45 | INFO: Blender create Mesh node osm-way-446934343
00:11:45 | INFO: Blender create Mesh node osm-way-446934347
00:11:45 | INFO: Blender create Mesh node osm-way-446934348
00:11:45 | INFO: Blender create Mesh node osm-way-446934350
00:11:45 | INFO: Blender create Mesh node osm-way-446934351
00:11:45 | INFO: Blender create Mesh node osm-way-446934352
00:11:45 | INFO: Blender create Mesh node osm-way-446934355
00:11:45 | INFO: Blender create Mesh node osm-way-446934356
00:11:45 | INFO: Blender create Mesh node osm-way-446934357
00:11:45 | INFO: Blender create Mesh node osm-way-446934360
00:11:45 | INFO: Blender create Mesh node osm-way-446934361
00:11:45 | INFO: Blender create Mesh node osm-way-446934363
00:11:45 | INFO: Blender create Mesh node osm-way-446934364
00:11:45 | INFO: Blender create Mesh node osm-way-446934367
00:11:45 | INFO: Blender create Mesh node osm-way-446934368
00:11:45 | INFO: Blender create Mesh node osm-way-446934369
00:11:45 | INFO: Blender create Mesh node osm-way-446934375
00:11:45 | INFO: Blender create Mesh node osm-way-446934376
00:11:45 | INFO: Blender create Mesh node osm-way-446934735
00:11:45 | INFO: Blender create Mesh node osm-way-446934737
00:11:45 | INFO: Blender create Mesh node osm-way-446934738
00:11:45 | INFO: Blender create Mesh node osm-way-446934739
00:11:45 | INFO: Blender create Mesh node osm-way-446934740
00:11:45 | INFO: Blender create Mesh node osm-way-446934741
00:11:45 | INFO: Blender create Mesh node osm-way-446934742
00:11:45 | INFO: Blender create Mesh node osm-way-446934743
00:11:45 | INFO: Blender create Mesh node osm-way-446934744
00:11:45 | INFO: Blender create Mesh node osm-way-446934747
00:11:45 | INFO: Blender create Mesh node osm-way-446934749
00:11:45 | INFO: Blender create Mesh node osm-way-446934751
00:11:45 | INFO: Blender create Mesh node osm-way-446934753
00:11:45 | INFO: Blender create Mesh node osm-way-446934757
00:11:45 | INFO: Blender create Mesh node osm-way-446934759
00:11:45 | INFO: Blender create Mesh node osm-way-446934760
00:11:45 | INFO: Blender create Mesh node osm-way-446934763
00:11:45 | INFO: Blender create Mesh node osm-way-446934764
00:11:45 | INFO: Blender create Mesh node osm-way-446934766
00:11:45 | INFO: Blender create Mesh node osm-way-446934768
00:11:45 | INFO: Blender create Mesh node osm-way-446934770
00:11:45 | INFO: Blender create Mesh node osm-way-446934771
00:11:45 | INFO: Blender create Mesh node osm-way-446934772
00:11:45 | INFO: Blender create Mesh node osm-way-446934773
00:11:45 | INFO: Blender create Mesh node osm-way-446934776
00:11:45 | INFO: Blender create Mesh node osm-way-446934777
00:11:45 | INFO: Blender create Mesh node osm-way-446934778
00:11:45 | INFO: Blender create Mesh node osm-way-446934928
00:11:45 | INFO: Blender create Mesh node osm-way-446934932
00:11:45 | INFO: Blender create Mesh node osm-way-446934933
00:11:45 | INFO: Blender create Mesh node osm-way-446934935
00:11:45 | INFO: Blender create Mesh node osm-way-446934937
00:11:45 | INFO: Blender create Mesh node osm-way-446934938
00:11:45 | INFO: Blender create Mesh node osm-way-446934940
00:11:45 | INFO: Blender create Mesh node osm-way-446935274
00:11:45 | INFO: Blender create Mesh node osm-way-446936775
00:11:45 | INFO: Blender create Mesh node osm-way-446936776
00:11:45 | INFO: Blender create Mesh node osm-way-446936777
00:11:45 | INFO: Blender create Mesh node osm-way-446936779
00:11:45 | INFO: Blender create Mesh node osm-way-446936780
00:11:45 | INFO: Blender create Mesh node osm-way-446936782
00:11:45 | INFO: Blender create Mesh node osm-way-446936783
00:11:45 | INFO: Blender create Mesh node osm-way-446936784
00:11:45 | INFO: Blender create Mesh node osm-way-446936785
00:11:45 | INFO: Blender create Mesh node osm-way-446936786
00:11:45 | INFO: Blender create Mesh node osm-way-446936787
00:11:45 | INFO: Blender create Mesh node osm-way-446936788
00:11:45 | INFO: Blender create Mesh node osm-way-446936790
00:11:45 | INFO: Blender create Mesh node osm-way-446936791
00:11:45 | INFO: Blender create Mesh node osm-way-446936792
00:11:45 | INFO: Blender create Mesh node osm-way-446936793
00:11:45 | INFO: Blender create Mesh node osm-way-446936795
00:11:45 | INFO: Blender create Mesh node osm-way-446936796
00:11:45 | INFO: Blender create Mesh node osm-way-446937009
00:11:45 | INFO: Blender create Mesh node osm-way-446937011
00:11:45 | INFO: Blender create Mesh node osm-way-446937012
00:11:45 | INFO: Blender create Mesh node osm-way-446937013
00:11:45 | INFO: Blender create Mesh node osm-way-446937014
00:11:45 | INFO: Blender create Mesh node osm-way-446937017
00:11:45 | INFO: Blender create Mesh node osm-way-446937018
00:11:45 | INFO: Blender create Mesh node osm-way-446937019
00:11:45 | INFO: Blender create Mesh node osm-way-446937020
00:11:45 | INFO: Blender create Mesh node osm-way-446937266
00:11:45 | INFO: Blender create Mesh node osm-way-446937268
00:11:45 | INFO: Blender create Mesh node osm-way-446937269
00:11:45 | INFO: Blender create Mesh node osm-way-446937270
00:11:45 | INFO: Blender create Mesh node osm-way-446937271
00:11:45 | INFO: Blender create Mesh node osm-way-446937272
00:11:45 | INFO: Blender create Mesh node osm-way-446937274
00:11:45 | INFO: Blender create Mesh node osm-way-446937275
00:11:45 | INFO: Blender create Mesh node osm-way-446937277
00:11:45 | INFO: Blender create Mesh node osm-way-446937278
00:11:45 | INFO: Blender create Mesh node osm-way-446937280
00:11:45 | INFO: Blender create Mesh node osm-way-446937281
00:11:45 | INFO: Blender create Mesh node osm-way-446937282
00:11:45 | INFO: Blender create Mesh node osm-way-446937283
00:11:45 | INFO: Blender create Mesh node osm-way-446937284
00:11:45 | INFO: Blender create Mesh node osm-way-446937289
00:11:45 | INFO: Blender create Mesh node osm-way-446937291
00:11:45 | INFO: Blender create Mesh node osm-way-446937292
00:11:45 | INFO: Blender create Mesh node osm-way-446937294
00:11:45 | INFO: Blender create Mesh node osm-way-446937295
00:11:45 | INFO: Blender create Mesh node osm-way-446937825
00:11:45 | INFO: Blender create Mesh node osm-way-446937828
00:11:45 | INFO: Blender create Mesh node osm-way-446937829
00:11:45 | INFO: Blender create Mesh node osm-way-446937830
00:11:45 | INFO: Blender create Mesh node osm-way-446937832
00:11:45 | INFO: Blender create Mesh node osm-way-446937835
00:11:45 | INFO: Blender create Mesh node osm-way-446937839
00:11:45 | INFO: Blender create Mesh node osm-way-446937840
00:11:45 | INFO: Blender create Mesh node osm-way-446937841
00:11:45 | INFO: Blender create Mesh node osm-way-446939476
00:11:45 | INFO: Blender create Mesh node osm-way-446939477
00:11:45 | INFO: Blender create Mesh node osm-way-446939480
00:11:45 | INFO: Blender create Mesh node osm-way-446939483
00:11:45 | INFO: Blender create Mesh node osm-way-446939486
00:11:45 | INFO: Blender create Mesh node osm-way-446939490
00:11:45 | INFO: Blender create Mesh node osm-way-446939491
00:11:45 | INFO: Blender create Mesh node osm-way-446939494
00:11:45 | INFO: Blender create Mesh node osm-way-446939495
00:11:45 | INFO: Blender create Mesh node osm-way-446939496
00:11:45 | INFO: Blender create Mesh node osm-way-446939497
00:11:45 | INFO: Blender create Mesh node osm-way-446939498
00:11:45 | INFO: Blender create Mesh node osm-way-446939502
00:11:45 | INFO: Blender create Mesh node osm-way-446939503
00:11:45 | INFO: Blender create Mesh node osm-way-446939504
00:11:45 | INFO: Blender create Mesh node osm-way-446939505
00:11:45 | INFO: Blender create Mesh node osm-way-446939506
00:11:45 | INFO: Blender create Mesh node osm-way-446939507
00:11:45 | INFO: Blender create Mesh node osm-way-446939508
00:11:45 | INFO: Blender create Mesh node osm-way-446939509
00:11:45 | INFO: Blender create Mesh node osm-way-446939511
00:11:45 | INFO: Blender create Mesh node osm-way-446939512
00:11:45 | INFO: Blender create Mesh node osm-way-446939513
00:11:45 | INFO: Blender create Mesh node osm-way-446939514
00:11:45 | INFO: Blender create Mesh node osm-way-446939515
00:11:45 | INFO: Blender create Mesh node osm-way-446939517
00:11:45 | INFO: Blender create Mesh node osm-way-446939518
00:11:45 | INFO: Blender create Mesh node osm-way-446939519
00:11:45 | INFO: Blender create Mesh node osm-way-446939523
00:11:45 | INFO: Blender create Mesh node osm-way-446939524
00:11:45 | INFO: Blender create Mesh node osm-way-446939526
00:11:45 | INFO: Blender create Mesh node osm-way-446939527
00:11:45 | INFO: Blender create Mesh node osm-way-446939528
00:11:45 | INFO: Blender create Mesh node osm-way-446939532
00:11:45 | INFO: Blender create Mesh node osm-way-446939533
00:11:45 | INFO: Blender create Mesh node osm-way-446939534
00:11:45 | INFO: Blender create Mesh node osm-way-446939539
00:11:45 | INFO: Blender create Mesh node osm-way-446939541
00:11:45 | INFO: Blender create Mesh node osm-way-446939548
00:11:45 | INFO: Blender create Mesh node osm-way-446939549
00:11:45 | INFO: Blender create Mesh node osm-way-446939554
00:11:45 | INFO: Blender create Mesh node osm-way-446939555
00:11:45 | INFO: Blender create Mesh node osm-way-446939557
00:11:45 | INFO: Blender create Mesh node osm-way-446939558
00:11:45 | INFO: Blender create Mesh node osm-way-446939561
00:11:45 | INFO: Blender create Mesh node osm-way-446939567
00:11:45 | INFO: Blender create Mesh node osm-way-446939568
00:11:45 | INFO: Blender create Mesh node osm-way-446939569
00:11:45 | INFO: Blender create Mesh node osm-way-446939572
00:11:45 | INFO: Blender create Mesh node osm-way-446939575
00:11:45 | INFO: Blender create Mesh node osm-way-446939578
00:11:45 | INFO: Blender create Mesh node osm-way-446939579
00:11:45 | INFO: Blender create Mesh node osm-way-446939580
00:11:45 | INFO: Blender create Mesh node osm-way-446939581
00:11:45 | INFO: Blender create Mesh node osm-way-446939582
00:11:45 | INFO: Blender create Mesh node osm-way-446939584
00:11:45 | INFO: Blender create Mesh node osm-way-446939585
00:11:45 | INFO: Blender create Mesh node osm-way-446939587
00:11:45 | INFO: Blender create Mesh node osm-way-446939588
00:11:45 | INFO: Blender create Mesh node osm-way-446939589
00:11:45 | INFO: Blender create Mesh node osm-way-446939591
00:11:45 | INFO: Blender create Mesh node osm-way-446939592
00:11:45 | INFO: Blender create Mesh node osm-way-446939594
00:11:45 | INFO: Blender create Mesh node osm-way-446939596
00:11:45 | INFO: Blender create Mesh node osm-way-446939597
00:11:45 | INFO: Blender create Mesh node osm-way-446939598
00:11:45 | INFO: Blender create Mesh node osm-way-446939602
00:11:45 | INFO: Blender create Mesh node osm-way-446939603
00:11:45 | INFO: Blender create Mesh node osm-way-446939604
00:11:45 | INFO: Blender create Mesh node osm-way-446939607
00:11:45 | INFO: Blender create Mesh node osm-way-446939611
00:11:45 | INFO: Blender create Mesh node osm-way-446939614
00:11:45 | INFO: Blender create Mesh node osm-way-446939615
00:11:45 | INFO: Blender create Mesh node osm-way-446939616
00:11:45 | INFO: Blender create Mesh node osm-way-446939617
00:11:45 | INFO: Blender create Mesh node osm-way-446939618
00:11:45 | INFO: Blender create Mesh node osm-way-446939619
00:11:45 | INFO: Blender create Mesh node osm-way-446939627
00:11:45 | INFO: Blender create Mesh node osm-way-446939628
00:11:45 | INFO: Blender create Mesh node osm-way-446939629
00:11:45 | INFO: Blender create Mesh node osm-way-446939630
00:11:45 | INFO: Blender create Mesh node osm-way-446939631
00:11:45 | INFO: Blender create Mesh node osm-way-446939632
00:11:45 | INFO: Blender create Mesh node osm-way-446939633
00:11:45 | INFO: Blender create Mesh node osm-way-446939635
00:11:45 | INFO: Blender create Mesh node osm-way-446939637
00:11:45 | INFO: Blender create Mesh node osm-way-446939640
00:11:45 | INFO: Blender create Mesh node osm-way-446939641
00:11:45 | INFO: Blender create Mesh node osm-way-446939643
00:11:45 | INFO: Blender create Mesh node osm-way-446939644
00:11:45 | INFO: Blender create Mesh node osm-way-446939645
00:11:45 | INFO: Blender create Mesh node osm-way-446939648
00:11:45 | INFO: Blender create Mesh node osm-way-446939650
00:11:45 | INFO: Blender create Mesh node osm-way-446939652
00:11:45 | INFO: Blender create Mesh node osm-way-446939653
00:11:45 | INFO: Blender create Mesh node osm-way-446939656
00:11:45 | INFO: Blender create Mesh node osm-way-446939657
00:11:45 | INFO: Blender create Mesh node osm-way-446939660
00:11:45 | INFO: Blender create Mesh node osm-way-446944632
00:11:45 | INFO: Blender create Mesh node osm-way-446944633
00:11:45 | INFO: Blender create Mesh node osm-way-446944634
00:11:45 | INFO: Blender create Mesh node osm-way-446966512
00:11:45 | INFO: Blender create Mesh node osm-way-446966513
00:11:45 | INFO: Blender create Mesh node osm-way-446966514
00:11:45 | INFO: Blender create Mesh node osm-way-447017703
00:11:45 | INFO: Blender create Mesh node osm-way-447017704
00:11:45 | INFO: Blender create Mesh node osm-way-447021392
00:11:45 | INFO: Blender create Mesh node osm-way-447021394
00:11:45 | INFO: Blender create Mesh node osm-way-447024799
00:11:45 | INFO: Blender create Mesh node osm-way-447024800
00:11:45 | INFO: Blender create Mesh node osm-way-447024802
00:11:45 | INFO: Blender create Mesh node osm-way-447024803
00:11:45 | INFO: Blender create Mesh node osm-way-447024804
00:11:45 | INFO: Blender create Mesh node osm-way-447024805
00:11:45 | INFO: Blender create Mesh node osm-way-447024806
00:11:45 | INFO: Blender create Mesh node osm-way-447024807
00:11:45 | INFO: Blender create Mesh node osm-way-447024808
00:11:45 | INFO: Blender create Mesh node osm-way-447024810
00:11:45 | INFO: Blender create Mesh node osm-way-447024814
00:11:45 | INFO: Blender create Mesh node osm-way-447024815
00:11:45 | INFO: Blender create Mesh node osm-way-447024816
00:11:45 | INFO: Blender create Mesh node osm-way-447024818
00:11:45 | INFO: Blender create Mesh node osm-way-447024820
00:11:45 | INFO: Blender create Mesh node osm-way-447124025
00:11:45 | INFO: Blender create Mesh node osm-way-447124026
00:11:45 | INFO: Blender create Mesh node osm-way-447124027
00:11:45 | INFO: Blender create Mesh node osm-way-447124028
00:11:45 | INFO: Blender create Mesh node osm-way-447124032
00:11:45 | INFO: Blender create Mesh node osm-way-447124035
00:11:45 | INFO: Blender create Mesh node osm-way-447124036
00:11:45 | INFO: Blender create Mesh node osm-way-447124041
00:11:46 | INFO: Blender create Mesh node osm-way-447124043
00:11:46 | INFO: Blender create Mesh node osm-way-447124046
00:11:46 | INFO: Blender create Mesh node osm-way-447124047
00:11:46 | INFO: Blender create Mesh node osm-way-447124048
00:11:46 | INFO: Blender create Mesh node osm-way-447124050
00:11:46 | INFO: Blender create Mesh node osm-way-447126696
00:11:46 | INFO: Blender create Mesh node osm-way-447126697
00:11:46 | INFO: Blender create Mesh node osm-way-447126698
00:11:46 | INFO: Blender create Mesh node osm-way-447126699
00:11:46 | INFO: Blender create Mesh node osm-way-447126700
00:11:46 | INFO: Blender create Mesh node osm-way-448242492
00:11:46 | INFO: Blender create Mesh node osm-way-477624445
00:11:46 | INFO: Blender create Mesh node osm-way-479413171
00:11:46 | INFO: Blender create Mesh node osm-way-493784117
00:11:46 | INFO: Blender create Mesh node osm-way-493784118
00:11:46 | INFO: Blender create Mesh node osm-way-494080948
00:11:46 | INFO: Blender create Mesh node osm-way-494081643
00:11:46 | INFO: Blender create Mesh node osm-way-494084421
00:11:46 | INFO: Blender create Mesh node osm-way-494394246
00:11:46 | INFO: Blender create Mesh node osm-way-494395699
00:11:46 | INFO: Blender create Mesh node osm-way-494546990
00:11:46 | INFO: Blender create Mesh node osm-way-494547028
00:11:46 | INFO: Blender create Mesh node osm-way-494547086
00:11:46 | INFO: Blender create Mesh node osm-way-494547237
00:11:46 | INFO: Blender create Mesh node osm-way-494547562
00:11:46 | INFO: Blender create Mesh node osm-way-494547563
00:11:46 | INFO: Blender create Mesh node osm-way-494958428
00:11:46 | INFO: Blender create Mesh node osm-way-495101833
00:11:46 | INFO: Blender create Mesh node osm-way-495101843
00:11:46 | INFO: Blender create Mesh node osm-way-495102640
00:11:46 | INFO: Blender create Mesh node osm-way-495105528
00:11:46 | INFO: Blender create Mesh node osm-way-495105529
00:11:46 | INFO: Blender create Mesh node osm-way-495105530
00:11:46 | INFO: Blender create Mesh node osm-way-495105937
00:11:46 | INFO: Blender create Mesh node osm-way-495109680
00:11:46 | INFO: Blender create Mesh node osm-way-495114797
00:11:46 | INFO: Blender create Mesh node osm-way-495116055
00:11:46 | INFO: Blender create Mesh node osm-way-495116056
00:11:46 | INFO: Blender create Mesh node osm-way-495117576
00:11:46 | INFO: Blender create Mesh node osm-way-499430059
00:11:46 | INFO: Blender create Mesh node osm-way-499430061
00:11:46 | INFO: Blender create Mesh node osm-way-499430063
00:11:46 | INFO: Blender create Mesh node osm-way-505636150
00:11:46 | INFO: Blender create Mesh node osm-way-505636151
00:11:46 | INFO: Blender create Mesh node osm-way-505636152
00:11:46 | INFO: Blender create Mesh node osm-way-505636153
00:11:46 | INFO: Blender create Mesh node osm-way-505636154
00:11:46 | INFO: Blender create Mesh node osm-way-505636155
00:11:46 | INFO: Blender create Mesh node osm-way-505636159
00:11:46 | INFO: Blender create Mesh node osm-way-505636160
00:11:46 | INFO: Blender create Mesh node osm-way-505636161
00:11:46 | INFO: Blender create Mesh node osm-way-505636162
00:11:46 | INFO: Blender create Mesh node osm-way-505636163
00:11:46 | INFO: Blender create Mesh node osm-way-505641132
00:11:46 | INFO: Blender create Mesh node osm-way-505641135
00:11:46 | INFO: Blender create Mesh node osm-way-505641136
00:11:46 | INFO: Blender create Mesh node osm-way-505641137
00:11:46 | INFO: Blender create Mesh node osm-way-505641138
00:11:46 | INFO: Blender create Mesh node osm-way-505641143
00:11:46 | INFO: Blender create Mesh node osm-way-505641144
00:11:46 | INFO: Blender create Mesh node osm-way-505641145
00:11:46 | INFO: Blender create Mesh node osm-way-505641146
00:11:46 | INFO: Blender create Mesh node osm-way-505641147
00:11:46 | INFO: Blender create Mesh node osm-way-505641148
00:11:46 | INFO: Blender create Mesh node osm-way-505641149
00:11:46 | INFO: Blender create Mesh node osm-way-505641150
00:11:46 | INFO: Blender create Mesh node osm-way-505641151
00:11:46 | INFO: Blender create Mesh node osm-way-505641152
00:11:46 | INFO: Blender create Mesh node osm-way-505641153
00:11:46 | INFO: Blender create Mesh node osm-way-505641154
00:11:46 | INFO: Blender create Mesh node osm-way-505641155
00:11:46 | INFO: Blender create Mesh node osm-way-505641161
00:11:46 | INFO: Blender create Mesh node osm-way-505641162
00:11:46 | INFO: Blender create Mesh node osm-way-505641165
00:11:46 | INFO: Blender create Mesh node osm-way-505641167
00:11:46 | INFO: Blender create Mesh node osm-way-505641168
00:11:46 | INFO: Blender create Mesh node osm-way-505641172
00:11:46 | INFO: Blender create Mesh node osm-way-505641174
00:11:46 | INFO: Blender create Mesh node osm-way-505641175
00:11:46 | INFO: Blender create Mesh node osm-way-505641177
00:11:46 | INFO: Blender create Mesh node osm-way-505643535
00:11:46 | INFO: Blender create Mesh node osm-way-505643536
00:11:46 | INFO: Blender create Mesh node osm-way-505643537
00:11:46 | INFO: Blender create Mesh node osm-way-505643538
00:11:46 | INFO: Blender create Mesh node osm-way-505643539
00:11:46 | INFO: Blender create Mesh node osm-way-505643540
00:11:46 | INFO: Blender create Mesh node osm-way-505643541
00:11:46 | INFO: Blender create Mesh node osm-way-505643542
00:11:46 | INFO: Blender create Mesh node osm-way-505643543
00:11:46 | INFO: Blender create Mesh node osm-way-505643544
00:11:46 | INFO: Blender create Mesh node osm-way-505643545
00:11:46 | INFO: Blender create Mesh node osm-way-505643546
00:11:46 | INFO: Blender create Mesh node osm-way-505643547
00:11:46 | INFO: Blender create Mesh node osm-way-505643548
00:11:46 | INFO: Blender create Mesh node osm-way-505643549
00:11:46 | INFO: Blender create Mesh node osm-way-505643550
00:11:46 | INFO: Blender create Mesh node osm-way-505643551
00:11:46 | INFO: Blender create Mesh node osm-way-505643552
00:11:46 | INFO: Blender create Mesh node osm-way-505643553
00:11:46 | INFO: Blender create Mesh node osm-way-505643554
00:11:46 | INFO: Blender create Mesh node osm-way-505643562
00:11:46 | INFO: Blender create Mesh node osm-way-505643563
00:11:46 | INFO: Blender create Mesh node osm-way-505643564
00:11:46 | INFO: Blender create Mesh node osm-way-505643565
00:11:46 | INFO: Blender create Mesh node osm-way-505643566
00:11:46 | INFO: Blender create Mesh node osm-way-505643567
00:11:46 | INFO: Blender create Mesh node osm-way-505646893
00:11:46 | INFO: Blender create Mesh node osm-way-505646905
00:11:46 | INFO: Blender create Mesh node osm-way-505646907
00:11:46 | INFO: Blender create Mesh node osm-way-505653341
00:11:46 | INFO: Blender create Mesh node osm-way-505655116
00:11:46 | INFO: Blender create Mesh node osm-way-505655117
00:11:46 | INFO: Blender create Mesh node osm-way-505655118
00:11:46 | INFO: Blender create Mesh node osm-way-505655119
00:11:46 | INFO: Blender create Mesh node osm-way-505655120
00:11:46 | INFO: Blender create Mesh node osm-way-505655121
00:11:46 | INFO: Blender create Mesh node osm-way-505655123
00:11:46 | INFO: Blender create Mesh node osm-way-505655124
00:11:46 | INFO: Blender create Mesh node osm-way-505655137
00:11:46 | INFO: Blender create Mesh node osm-way-505655138
00:11:46 | INFO: Blender create Mesh node osm-way-505661356
00:11:46 | INFO: Blender create Mesh node osm-way-505661357
00:11:46 | INFO: Blender create Mesh node osm-way-505661358
00:11:46 | INFO: Blender create Mesh node osm-way-505661359
00:11:46 | INFO: Blender create Mesh node osm-way-505661360
00:11:46 | INFO: Blender create Mesh node osm-way-505661361
00:11:46 | INFO: Blender create Mesh node osm-way-505661362
00:11:46 | INFO: Blender create Mesh node osm-way-505661363
00:11:46 | INFO: Blender create Mesh node osm-way-505661364
00:11:46 | INFO: Blender create Mesh node osm-way-505661367
00:11:46 | INFO: Blender create Mesh node osm-way-505661368
00:11:46 | INFO: Blender create Mesh node osm-way-505661369
00:11:46 | INFO: Blender create Mesh node osm-way-505661370
00:11:46 | INFO: Blender create Mesh node osm-way-505661371
00:11:46 | INFO: Blender create Mesh node osm-way-505661372
00:11:46 | INFO: Blender create Mesh node osm-way-505661373
00:11:46 | INFO: Blender create Mesh node osm-way-505661374
00:11:46 | INFO: Blender create Mesh node osm-way-505661375
00:11:46 | INFO: Blender create Mesh node osm-way-505661376
00:11:46 | INFO: Blender create Mesh node osm-way-505664365
00:11:46 | INFO: Blender create Mesh node osm-way-505664431
00:11:46 | INFO: Blender create Mesh node osm-way-505664432
00:11:46 | INFO: Blender create Mesh node osm-way-515758765
00:11:46 | INFO: Blender create Mesh node osm-way-515758786
00:11:46 | INFO: Blender create Mesh node osm-way-520206090
00:11:46 | INFO: Blender create Mesh node osm-way-520214802
00:11:46 | INFO: Blender create Mesh node osm-way-520214805
00:11:46 | INFO: Blender create Mesh node osm-way-520214806
00:11:46 | INFO: Blender create Mesh node osm-way-520990201
00:11:46 | INFO: Blender create Mesh node osm-way-522348478
00:11:46 | INFO: Blender create Mesh node osm-way-524424597
00:11:46 | INFO: Blender create Mesh node osm-way-524424600
00:11:46 | INFO: Blender create Mesh node osm-way-524424604
00:11:46 | INFO: Blender create Mesh node osm-way-525709287
00:11:46 | INFO: Blender create Mesh node osm-way-526005642
00:11:46 | INFO: Blender create Mesh node osm-way-530662859
00:11:46 | INFO: Blender create Mesh node osm-way-530662861
00:11:46 | INFO: Blender create Mesh node osm-way-530662862
00:11:46 | INFO: Blender create Mesh node osm-way-530662863
00:11:46 | INFO: Blender create Mesh node osm-way-530662877
00:11:46 | INFO: Blender create Mesh node osm-way-530662879
00:11:46 | INFO: Blender create Mesh node osm-way-530662880
00:11:46 | INFO: Blender create Mesh node osm-way-530662881
00:11:46 | INFO: Blender create Mesh node osm-way-534041279
00:11:46 | INFO: Blender create Mesh node osm-way-534041282
00:11:46 | INFO: Blender create Mesh node osm-way-534041283
00:11:46 | INFO: Blender create Mesh node osm-way-534041285
00:11:46 | INFO: Blender create Mesh node osm-way-534041287
00:11:46 | INFO: Blender create Mesh node osm-way-534041289
00:11:46 | INFO: Blender create Mesh node osm-way-534041294
00:11:46 | INFO: Blender create Mesh node osm-way-534041297
00:11:46 | INFO: Blender create Mesh node osm-way-534041300
00:11:46 | INFO: Blender create Mesh node osm-way-534041306
00:11:46 | INFO: Blender create Mesh node osm-way-534041310
00:11:46 | INFO: Blender create Mesh node osm-way-534041313
00:11:46 | INFO: Blender create Mesh node osm-way-534041316
00:11:46 | INFO: Blender create Mesh node osm-way-534041320
00:11:46 | INFO: Blender create Mesh node osm-way-534041323
00:11:46 | INFO: Blender create Mesh node osm-way-534041326
00:11:46 | INFO: Blender create Mesh node osm-way-534041329
00:11:46 | INFO: Blender create Mesh node osm-way-534041332
00:11:46 | INFO: Blender create Mesh node osm-way-534041335
00:11:46 | INFO: Blender create Mesh node osm-way-534041341
00:11:46 | INFO: Blender create Mesh node osm-way-534041345
00:11:46 | INFO: Blender create Mesh node osm-way-534041348
00:11:46 | INFO: Blender create Mesh node osm-way-534041351
00:11:46 | INFO: Blender create Mesh node osm-way-534041354
00:11:46 | INFO: Blender create Mesh node osm-way-534041358
00:11:46 | INFO: Blender create Mesh node osm-way-534041361
00:11:46 | INFO: Blender create Mesh node osm-way-553893867
00:11:46 | INFO: Blender create Mesh node osm-way-553893868
00:11:46 | INFO: Blender create Mesh node osm-way-553893872
00:11:46 | INFO: Blender create Mesh node osm-way-553893873
00:11:46 | INFO: Blender create Mesh node osm-way-553893874
00:11:46 | INFO: Blender create Mesh node osm-way-553893879
00:11:46 | INFO: Blender create Mesh node osm-way-553893884
00:11:46 | INFO: Blender create Mesh node osm-way-556936035
00:11:46 | INFO: Blender create Mesh node osm-way-610343188
00:11:46 | INFO: Blender create Mesh node osm-way-610967771
00:11:46 | INFO: Blender create Mesh node osm-way-610967910
00:11:46 | INFO: Blender create Mesh node osm-way-610969492
00:11:46 | INFO: Blender create Mesh node osm-way-610986344
00:11:46 | INFO: Blender create Mesh node osm-way-610986345
00:11:46 | INFO: Blender create Mesh node osm-way-610986346
00:11:46 | INFO: Blender create Mesh node osm-way-610986347
00:11:46 | INFO: Blender create Mesh node osm-way-610986348
00:11:46 | INFO: Blender create Mesh node osm-way-610991910
00:11:46 | INFO: Blender create Mesh node osm-way-610992775
00:11:46 | INFO: Blender create Mesh node osm-way-611246563
00:11:46 | INFO: Blender create Mesh node osm-way-611989032
00:11:46 | INFO: Blender create Mesh node osm-way-612173021
00:11:46 | INFO: Blender create Mesh node osm-way-612173022
00:11:46 | INFO: Blender create Mesh node osm-way-612173023
00:11:46 | INFO: Blender create Mesh node osm-way-612173024
00:11:46 | INFO: Blender create Mesh node osm-way-612173025
00:11:46 | INFO: Blender create Mesh node osm-way-612173028
00:11:46 | INFO: Blender create Mesh node osm-way-612173029
00:11:46 | INFO: Blender create Mesh node osm-way-612183544
00:11:46 | INFO: Blender create Mesh node osm-way-612183548
00:11:46 | INFO: Blender create Mesh node osm-way-612183551
00:11:46 | INFO: Blender create Mesh node osm-way-612183554
00:11:46 | INFO: Blender create Mesh node osm-way-612183555
00:11:46 | INFO: Blender create Mesh node osm-way-612183558
00:11:46 | INFO: Blender create Mesh node osm-way-612183560
00:11:46 | INFO: Blender create Mesh node osm-way-612183562
00:11:46 | INFO: Blender create Mesh node osm-way-612183564
00:11:46 | INFO: Blender create Mesh node osm-way-612183567
00:11:46 | INFO: Blender create Mesh node osm-way-612183569
00:11:46 | INFO: Blender create Mesh node osm-way-612183572
00:11:46 | INFO: Blender create Mesh node osm-way-612183573
00:11:46 | INFO: Blender create Mesh node osm-way-612183575
00:11:46 | INFO: Blender create Mesh node osm-way-612183577
00:11:46 | INFO: Blender create Mesh node osm-way-612183579
00:11:46 | INFO: Blender create Mesh node osm-way-612183581
00:11:46 | INFO: Blender create Mesh node osm-way-612183582
00:11:46 | INFO: Blender create Mesh node osm-way-612183584
00:11:46 | INFO: Blender create Mesh node osm-way-612183587
00:11:46 | INFO: Blender create Mesh node osm-way-612410366
00:11:46 | INFO: Blender create Mesh node osm-way-623029759
00:11:46 | INFO: Blender create Mesh node osm-way-656626139
00:11:46 | INFO: Blender create Mesh node osm-way-656626142
00:11:46 | INFO: Blender create Mesh node osm-way-656626143
00:11:46 | INFO: Blender create Mesh node osm-way-656626157
00:11:46 | INFO: Blender create Mesh node osm-way-656626158
00:11:46 | INFO: Blender create Mesh node osm-way-670670977
00:11:46 | INFO: Blender create Mesh node osm-way-670670978
00:11:46 | INFO: Blender create Mesh node osm-way-673517953
00:11:46 | INFO: Blender create Mesh node osm-way-673517954
00:11:46 | INFO: Blender create Mesh node osm-way-673517955
00:11:46 | INFO: Blender create Mesh node osm-way-673517956
00:11:46 | INFO: Blender create Mesh node osm-way-673517957
00:11:46 | INFO: Blender create Mesh node osm-way-673517958
00:11:46 | INFO: Blender create Mesh node osm-way-673517961
00:11:46 | INFO: Blender create Mesh node osm-way-694630312
00:11:46 | INFO: Blender create Mesh node osm-way-694630313
00:11:46 | INFO: Blender create Mesh node osm-way-694630314
00:11:46 | INFO: Blender create Mesh node osm-way-694630319
00:11:46 | INFO: Blender create Mesh node osm-way-694630324
00:11:46 | INFO: Blender create Mesh node osm-way-694630326
00:11:46 | INFO: Blender create Mesh node osm-way-696884111
00:11:46 | INFO: Blender create Mesh node osm-way-701981165
00:11:46 | INFO: Blender create Mesh node osm-way-702173478
00:11:46 | INFO: Blender create Mesh node osm-way-702173479
00:11:46 | INFO: Blender create Mesh node osm-way-702173480
00:11:46 | INFO: Blender create Mesh node osm-way-702173481
00:11:46 | INFO: Blender create Mesh node osm-way-702173482
00:11:46 | INFO: Blender create Mesh node osm-way-702173483
00:11:46 | INFO: Blender create Mesh node osm-way-702173485
00:11:46 | INFO: Blender create Mesh node osm-way-702173489
00:11:46 | INFO: Blender create Mesh node osm-way-702173490
00:11:46 | INFO: Blender create Mesh node osm-way-702173491
00:11:46 | INFO: Blender create Mesh node osm-way-702173499
00:11:46 | INFO: Blender create Mesh node osm-way-702173892
00:11:46 | INFO: Blender create Mesh node osm-way-702173893
00:11:46 | INFO: Blender create Mesh node osm-way-702173894
00:11:46 | INFO: Blender create Mesh node osm-way-702173895
00:11:46 | INFO: Blender create Mesh node osm-way-702173896
00:11:46 | INFO: Blender create Mesh node osm-way-744266710
00:11:46 | INFO: Blender create Mesh node osm-way-744268772
00:11:46 | INFO: Blender create Mesh node osm-way-744268773
00:11:46 | INFO: Blender create Mesh node osm-way-744268775
00:11:46 | INFO: Blender create Mesh node osm-way-744272817
00:11:46 | INFO: Blender create Mesh node osm-way-744272825
00:11:46 | INFO: Blender create Mesh node osm-way-744272826
00:11:46 | INFO: Blender create Mesh node osm-way-744275998
00:11:46 | INFO: Blender create Mesh node osm-way-744275999
00:11:46 | INFO: Blender create Mesh node osm-way-744276000
00:11:46 | INFO: Blender create Mesh node osm-way-744276001
00:11:46 | INFO: Blender create Mesh node osm-way-744276002
00:11:46 | INFO: Blender create Mesh node osm-way-744276671
00:11:46 | INFO: Blender create Mesh node osm-way-744512993
00:11:46 | INFO: Blender create Mesh node osm-way-744525761
00:11:46 | INFO: Blender create Mesh node osm-way-744525762
00:11:46 | INFO: Blender create Mesh node osm-way-744525764
00:11:46 | INFO: Blender create Mesh node osm-way-744525768
00:11:46 | INFO: Blender create Mesh node osm-way-744525769
00:11:46 | INFO: Blender create Mesh node osm-way-744525770
00:11:46 | INFO: Blender create Mesh node osm-way-744527947
00:11:46 | INFO: Blender create Mesh node osm-way-744527948
00:11:46 | INFO: Blender create Mesh node osm-way-744529802
00:11:46 | INFO: Blender create Mesh node osm-way-744529803
00:11:46 | INFO: Blender create Mesh node osm-way-744529804
00:11:46 | INFO: Blender create Mesh node osm-way-744529805
00:11:46 | INFO: Blender create Mesh node osm-way-744529806
00:11:46 | INFO: Blender create Mesh node osm-way-744529807
00:11:46 | INFO: Blender create Mesh node osm-way-744529808
00:11:46 | INFO: Blender create Mesh node osm-way-744529809
00:11:46 | INFO: Blender create Mesh node osm-way-744529810
00:11:46 | INFO: Blender create Mesh node osm-way-744529811
00:11:46 | INFO: Blender create Mesh node osm-way-744529812
00:11:46 | INFO: Blender create Mesh node osm-way-744529813
00:11:46 | INFO: Blender create Mesh node osm-way-744529814
00:11:46 | INFO: Blender create Mesh node osm-way-744529815
00:11:46 | INFO: Blender create Mesh node osm-way-744529816
00:11:46 | INFO: Blender create Mesh node osm-way-744529817
00:11:46 | INFO: Blender create Mesh node osm-way-744529818
00:11:46 | INFO: Blender create Mesh node osm-way-744529819
00:11:46 | INFO: Blender create Mesh node osm-way-744529823
00:11:46 | INFO: Blender create Mesh node osm-way-744529824
00:11:46 | INFO: Blender create Mesh node osm-way-744529825
00:11:46 | INFO: Blender create Mesh node osm-way-744535408
00:11:46 | INFO: Blender create Mesh node osm-way-744535409
00:11:46 | INFO: Blender create Mesh node osm-way-744535410
00:11:47 | INFO: Blender create Mesh node osm-way-744535411
00:11:47 | INFO: Blender create Mesh node osm-way-744535412
00:11:47 | INFO: Blender create Mesh node osm-way-744535413
00:11:47 | INFO: Blender create Mesh node osm-way-744535414
00:11:47 | INFO: Blender create Mesh node osm-way-744535415
00:11:47 | INFO: Blender create Mesh node osm-way-744535416
00:11:47 | INFO: Blender create Mesh node osm-way-744535417
00:11:47 | INFO: Blender create Mesh node osm-way-744535418
00:11:47 | INFO: Blender create Mesh node osm-way-744535419
00:11:47 | INFO: Blender create Mesh node osm-way-744535420
00:11:47 | INFO: Blender create Mesh node osm-way-744535421
00:11:47 | INFO: Blender create Mesh node osm-way-744535422
00:11:47 | INFO: Blender create Mesh node osm-way-744535423
00:11:47 | INFO: Blender create Mesh node osm-way-744535424
00:11:47 | INFO: Blender create Mesh node osm-way-744535425
00:11:47 | INFO: Blender create Mesh node osm-way-744535426
00:11:47 | INFO: Blender create Mesh node osm-way-744535427
00:11:47 | INFO: Blender create Mesh node osm-way-744535428
00:11:47 | INFO: Blender create Mesh node osm-way-744535429
00:11:47 | INFO: Blender create Mesh node osm-way-744535430
00:11:47 | INFO: Blender create Mesh node osm-way-744535431
00:11:47 | INFO: Blender create Mesh node osm-way-744535432
00:11:47 | INFO: Blender create Mesh node osm-way-744535433
00:11:47 | INFO: Blender create Mesh node osm-way-744535434
00:11:47 | INFO: Blender create Mesh node osm-way-744535435
00:11:47 | INFO: Blender create Mesh node osm-way-744535436
00:11:47 | INFO: Blender create Mesh node osm-way-744535437
00:11:47 | INFO: Blender create Mesh node osm-way-744535438
00:11:47 | INFO: Blender create Mesh node osm-way-744535439
00:11:47 | INFO: Blender create Mesh node osm-way-744535440
00:11:47 | INFO: Blender create Mesh node osm-way-744535441
00:11:47 | INFO: Blender create Mesh node osm-way-744535442
00:11:47 | INFO: Blender create Mesh node osm-way-745677072
00:11:47 | INFO: Blender create Mesh node osm-way-754763863
00:11:47 | INFO: Blender create Mesh node osm-way-754767164
00:11:47 | INFO: Blender create Mesh node osm-way-754767796
00:11:47 | INFO: Blender create Mesh node osm-way-760475723
00:11:47 | INFO: Blender create Mesh node osm-way-764096052
00:11:47 | INFO: Blender create Mesh node osm-way-781767761
00:11:47 | INFO: Blender create Mesh node osm-way-781767762
00:11:47 | INFO: Blender create Mesh node osm-way-781767763
00:11:47 | INFO: Blender create Mesh node osm-way-792384681
00:11:47 | INFO: Blender create Mesh node osm-way-803305610
00:11:47 | INFO: Blender create Mesh node osm-way-804795620
00:11:47 | INFO: Blender create Mesh node osm-way-804795621
00:11:47 | INFO: Blender create Mesh node osm-way-804795622
00:11:47 | INFO: Blender create Mesh node osm-way-804795623
00:11:47 | INFO: Blender create Mesh node osm-way-804795624
00:11:47 | INFO: Blender create Mesh node osm-way-810390875
00:11:47 | INFO: Blender create Mesh node osm-way-836643370
00:11:47 | INFO: Blender create Mesh node osm-way-836643371
00:11:47 | INFO: Blender create Mesh node osm-way-836643372
00:11:47 | INFO: Blender create Mesh node osm-way-836643373
00:11:47 | INFO: Blender create Mesh node osm-way-836643375
00:11:47 | INFO: Blender create Mesh node osm-way-836643376
00:11:47 | INFO: Blender create Mesh node osm-way-836643387
00:11:47 | INFO: Blender create Mesh node osm-way-837781307
00:11:47 | INFO: Blender create Mesh node osm-way-837781308
00:11:47 | INFO: Blender create Mesh node osm-way-841161972
00:11:47 | INFO: Blender create Mesh node osm-way-841161973
00:11:47 | INFO: Blender create Mesh node osm-way-841161974
00:11:47 | INFO: Blender create Mesh node osm-way-841161975
00:11:47 | INFO: Blender create Mesh node osm-way-841161980
00:11:47 | INFO: Blender create Mesh node osm-way-841161981
00:11:47 | INFO: Blender create Mesh node osm-way-841161982
00:11:47 | INFO: Blender create Mesh node osm-way-841161985
00:11:47 | INFO: Blender create Mesh node osm-way-841161993
00:11:47 | INFO: Blender create Mesh node osm-way-841612871
00:11:47 | INFO: Blender create Mesh node osm-way-850733206
00:11:47 | INFO: Blender create Mesh node osm-way-858807399
00:11:47 | INFO: Blender create Mesh node osm-way-858807400
00:11:47 | INFO: Blender create Mesh node osm-way-858807401
00:11:47 | INFO: Blender create Mesh node osm-way-858807403
00:11:47 | INFO: Blender create Mesh node osm-way-858807404
00:11:47 | INFO: Blender create Mesh node osm-way-858807405
00:11:47 | INFO: Blender create Mesh node osm-way-858807406
00:11:47 | INFO: Blender create Mesh node osm-way-858807407
00:11:47 | INFO: Blender create Mesh node osm-way-858807408
00:11:47 | INFO: Blender create Mesh node osm-way-858807409
00:11:47 | INFO: Blender create Mesh node osm-way-858807410
00:11:47 | INFO: Blender create Mesh node osm-way-858807411
00:11:47 | INFO: Blender create Mesh node osm-way-858807412
00:11:47 | INFO: Blender create Mesh node osm-way-858807413
00:11:47 | INFO: Blender create Mesh node osm-way-858807414
00:11:47 | INFO: Blender create Mesh node osm-way-858807422
00:11:47 | INFO: Blender create Mesh node osm-way-858807423
00:11:47 | INFO: Blender create Mesh node osm-way-858807424
00:11:47 | INFO: Blender create Mesh node osm-way-858807425
00:11:47 | INFO: Blender create Mesh node osm-way-858807428
00:11:47 | INFO: Blender create Mesh node osm-way-858807429
00:11:47 | INFO: Blender create Mesh node osm-way-858807430
00:11:47 | INFO: Blender create Mesh node osm-way-858807431
00:11:47 | INFO: Blender create Mesh node osm-way-858807432
00:11:47 | INFO: Blender create Mesh node osm-way-858807433
00:11:47 | INFO: Blender create Mesh node osm-way-858807434
00:11:47 | INFO: Blender create Mesh node osm-way-858807435
00:11:47 | INFO: Blender create Mesh node osm-way-858807436
00:11:47 | INFO: Blender create Mesh node osm-way-858807437
00:11:47 | INFO: Blender create Mesh node osm-way-858807438
00:11:47 | INFO: Blender create Mesh node osm-way-858807439
00:11:47 | INFO: Blender create Mesh node osm-way-858807440
00:11:47 | INFO: Blender create Mesh node osm-way-858807441
00:11:47 | INFO: Blender create Mesh node osm-way-858807442
00:11:47 | INFO: Blender create Mesh node osm-way-858807443
00:11:47 | INFO: Blender create Mesh node osm-way-858807444
00:11:47 | INFO: Blender create Mesh node osm-way-858807445
00:11:47 | INFO: Blender create Mesh node osm-way-858807449
00:11:47 | INFO: Blender create Mesh node osm-way-858807450
00:11:47 | INFO: Blender create Mesh node osm-way-858807451
00:11:47 | INFO: Blender create Mesh node osm-way-858807453
00:11:47 | INFO: Blender create Mesh node osm-way-858807455
00:11:47 | INFO: Blender create Mesh node osm-way-858807456
00:11:47 | INFO: Blender create Mesh node osm-way-858807457
00:11:47 | INFO: Blender create Mesh node osm-way-858807458
00:11:47 | INFO: Blender create Mesh node osm-way-858807459
00:11:47 | INFO: Blender create Mesh node osm-way-858807460
00:11:47 | INFO: Blender create Mesh node osm-way-858807461
00:11:47 | INFO: Blender create Mesh node osm-way-858807462
00:11:47 | INFO: Blender create Mesh node osm-way-858807463
00:11:47 | INFO: Blender create Mesh node osm-way-858807464
00:11:47 | INFO: Blender create Mesh node osm-way-858807465
00:11:47 | INFO: Blender create Mesh node osm-way-858807466
00:11:47 | INFO: Blender create Mesh node osm-way-858807467
00:11:47 | INFO: Blender create Mesh node osm-way-858807468
00:11:47 | INFO: Blender create Mesh node osm-way-858807469
00:11:47 | INFO: Blender create Mesh node osm-way-858807470
00:11:47 | INFO: Blender create Mesh node osm-way-858807471
00:11:47 | INFO: Blender create Mesh node osm-way-858807472
00:11:47 | INFO: Blender create Mesh node osm-way-858807473
00:11:47 | INFO: Blender create Mesh node osm-way-858807474
00:11:47 | INFO: Blender create Mesh node osm-way-858807475
00:11:47 | INFO: Blender create Mesh node osm-way-858807476
00:11:47 | INFO: Blender create Mesh node osm-way-858807477
00:11:47 | INFO: Blender create Mesh node osm-way-858807478
00:11:47 | INFO: Blender create Mesh node osm-way-858807479
00:11:47 | INFO: Blender create Mesh node osm-way-858807480
00:11:47 | INFO: Blender create Mesh node osm-way-858807481
00:11:47 | INFO: Blender create Mesh node osm-way-858807482
00:11:47 | INFO: Blender create Mesh node osm-way-858807483
00:11:47 | INFO: Blender create Mesh node osm-way-858807484
00:11:47 | INFO: Blender create Mesh node osm-way-858807485
00:11:47 | INFO: Blender create Mesh node osm-way-858807486
00:11:47 | INFO: Blender create Mesh node osm-way-858807487
00:11:47 | INFO: Blender create Mesh node osm-way-858824280
00:11:47 | INFO: Blender create Mesh node osm-way-858824284
00:11:47 | INFO: Blender create Mesh node osm-way-858824285
00:11:47 | INFO: Blender create Mesh node osm-way-858824286
00:11:47 | INFO: Blender create Mesh node osm-way-858824288
00:11:47 | INFO: Blender create Mesh node osm-way-858824289
00:11:47 | INFO: Blender create Mesh node osm-way-858824290
00:11:47 | INFO: Blender create Mesh node osm-way-858824298
00:11:47 | INFO: Blender create Mesh node osm-way-858824300
00:11:47 | INFO: Blender create Mesh node osm-way-858824301
00:11:47 | INFO: Blender create Mesh node osm-way-858824302
00:11:47 | INFO: Blender create Mesh node osm-way-858824303
00:11:47 | INFO: Blender create Mesh node osm-way-858824304
00:11:47 | INFO: Blender create Mesh node osm-way-858824305
00:11:47 | INFO: Blender create Mesh node osm-way-858824306
00:11:47 | INFO: Blender create Mesh node osm-way-858824307
00:11:47 | INFO: Blender create Mesh node osm-way-858824308
00:11:47 | INFO: Blender create Mesh node osm-way-858824309
00:11:47 | INFO: Blender create Mesh node osm-way-858824310
00:11:47 | INFO: Blender create Mesh node osm-way-858824311
00:11:47 | INFO: Blender create Mesh node osm-way-858824312
00:11:47 | INFO: Blender create Mesh node osm-way-858824313
00:11:47 | INFO: Blender create Mesh node osm-way-858824314
00:11:47 | INFO: Blender create Mesh node osm-way-858824315
00:11:47 | INFO: Blender create Mesh node osm-way-858824316
00:11:47 | INFO: Blender create Mesh node osm-way-858824318
00:11:47 | INFO: Blender create Mesh node osm-way-858824320
00:11:47 | INFO: Blender create Mesh node osm-way-858824326
00:11:47 | INFO: Blender create Mesh node osm-way-858824332
00:11:47 | INFO: Blender create Mesh node osm-way-858824333
00:11:47 | INFO: Blender create Mesh node osm-way-858824334
00:11:47 | INFO: Blender create Mesh node osm-way-858824335
00:11:47 | INFO: Blender create Mesh node osm-way-858824336
00:11:47 | INFO: Blender create Mesh node osm-way-858824337
00:11:47 | INFO: Blender create Mesh node osm-way-858824338
00:11:47 | INFO: Blender create Mesh node osm-way-858824339
00:11:47 | INFO: Blender create Mesh node osm-way-858824340
00:11:47 | INFO: Blender create Mesh node osm-way-858824341
00:11:47 | INFO: Blender create Mesh node osm-way-858824342
00:11:47 | INFO: Blender create Mesh node osm-way-858824343
00:11:47 | INFO: Blender create Mesh node osm-way-858824344
00:11:47 | INFO: Blender create Mesh node osm-way-858824345
00:11:47 | INFO: Blender create Mesh node osm-way-858824346
00:11:47 | INFO: Blender create Mesh node osm-way-858824347
00:11:47 | INFO: Blender create Mesh node osm-way-858824348
00:11:47 | INFO: Blender create Mesh node osm-way-858824349
00:11:47 | INFO: Blender create Mesh node osm-way-858824350
00:11:47 | INFO: Blender create Mesh node osm-way-858824351
00:11:47 | INFO: Blender create Mesh node osm-way-858824352
00:11:47 | INFO: Blender create Mesh node osm-way-858824353
00:11:47 | INFO: Blender create Mesh node osm-way-858824354
00:11:47 | INFO: Blender create Mesh node osm-way-858824355
00:11:47 | INFO: Blender create Mesh node osm-way-858824356
00:11:47 | INFO: Blender create Mesh node osm-way-858824357
00:11:47 | INFO: Blender create Mesh node osm-way-858824363
00:11:47 | INFO: Blender create Mesh node osm-way-858824364
00:11:47 | INFO: Blender create Mesh node osm-way-858824367
00:11:47 | INFO: Blender create Mesh node osm-way-858838998
00:11:47 | INFO: Blender create Mesh node osm-way-858839000
00:11:47 | INFO: Blender create Mesh node osm-way-859488665
00:11:47 | INFO: Blender create Mesh node osm-way-899205733
00:11:47 | INFO: Blender create Mesh node osm-way-899205734
00:11:47 | INFO: Blender create Mesh node osm-way-899205735
00:11:47 | INFO: Blender create Mesh node osm-way-899205736
00:11:47 | INFO: Blender create Mesh node osm-way-900252577
00:11:47 | INFO: Blender create Mesh node osm-way-948045836
00:11:47 | INFO: Blender create Mesh node osm-way-948057320
00:11:47 | INFO: Blender create Mesh node osm-way-948059114
00:11:47 | INFO: Blender create Mesh node osm-way-948059115
00:11:47 | INFO: Blender create Mesh node osm-way-948878100
00:11:47 | INFO: Blender create Mesh node osm-way-952180426
00:11:47 | INFO: Blender create Mesh node osm-way-952180427
00:11:47 | INFO: Blender create Mesh node osm-way-952180429
00:11:47 | INFO: Blender create Mesh node osm-way-952180430
00:11:47 | INFO: Blender create Mesh node osm-way-952180431
00:11:47 | INFO: Blender create Mesh node osm-way-956369929
00:11:47 | INFO: Blender create Mesh node osm-way-956369930
00:11:47 | INFO: Blender create Mesh node osm-way-956369931
00:11:47 | INFO: Blender create Mesh node osm-way-956369932
00:11:47 | INFO: Blender create Mesh node osm-way-956369933
00:11:47 | INFO: Blender create Mesh node osm-way-956369934
00:11:47 | INFO: Blender create Mesh node osm-way-956369935
00:11:47 | INFO: Blender create Mesh node osm-way-956369936
00:11:47 | INFO: Blender create Mesh node osm-way-956369937
00:11:47 | INFO: Blender create Mesh node osm-way-956369938
00:11:47 | INFO: Blender create Mesh node osm-way-956369939
00:11:47 | INFO: Blender create Mesh node osm-way-956369940
00:11:47 | INFO: Blender create Mesh node osm-way-956369941
00:11:47 | INFO: Blender create Mesh node osm-way-956369942
00:11:47 | INFO: Blender create Mesh node osm-way-956369943
00:11:47 | INFO: Blender create Mesh node osm-way-956369944
00:11:47 | INFO: Blender create Mesh node osm-way-956369945
00:11:47 | INFO: Blender create Mesh node osm-way-956369946
00:11:47 | INFO: Blender create Mesh node osm-way-956369947
00:11:47 | INFO: Blender create Mesh node osm-way-956369948
00:11:47 | INFO: Blender create Mesh node osm-way-956369949
00:11:47 | INFO: Blender create Mesh node osm-way-956369950
00:11:47 | INFO: Blender create Mesh node osm-way-956369951
00:11:47 | INFO: Blender create Mesh node osm-way-956369952
00:11:47 | INFO: Blender create Mesh node osm-way-956369953
00:11:47 | INFO: Blender create Mesh node osm-way-957008754
00:11:47 | INFO: Blender create Mesh node osm-way-957008755
00:11:47 | INFO: Blender create Mesh node osm-way-957008756
00:11:47 | INFO: Blender create Mesh node osm-way-957008757
00:11:47 | INFO: Blender create Mesh node osm-way-957008758
00:11:47 | INFO: Blender create Mesh node osm-way-957008759
00:11:47 | INFO: Blender create Mesh node osm-way-957008760
00:11:47 | INFO: Blender create Mesh node osm-way-957008761
00:11:47 | INFO: Blender create Mesh node osm-way-957008762
00:11:47 | INFO: Blender create Mesh node osm-way-957008763
00:11:47 | INFO: Blender create Mesh node osm-way-957008764
00:11:47 | INFO: Blender create Mesh node osm-way-957008765
00:11:47 | INFO: Blender create Mesh node osm-way-957008766
00:11:47 | INFO: Blender create Mesh node osm-way-957008767
00:11:47 | INFO: Blender create Mesh node osm-way-957008768
00:11:47 | INFO: Blender create Mesh node osm-way-957008769
00:11:47 | INFO: Blender create Mesh node osm-way-957008770
00:11:47 | INFO: Blender create Mesh node osm-way-957008771
00:11:47 | INFO: Blender create Mesh node osm-way-957008772
00:11:47 | INFO: Blender create Mesh node osm-way-957008773
00:11:47 | INFO: Blender create Mesh node osm-way-957008774
00:11:47 | INFO: Blender create Mesh node osm-way-957008775
00:11:47 | INFO: Blender create Mesh node osm-way-957008776
00:11:47 | INFO: Blender create Mesh node osm-way-957008777
00:11:47 | INFO: Blender create Mesh node osm-way-957008778
00:11:47 | INFO: Blender create Mesh node osm-way-957008779
00:11:47 | INFO: Blender create Mesh node osm-way-957008789
00:11:47 | INFO: Blender create Mesh node osm-way-957008790
00:11:47 | INFO: Blender create Mesh node osm-way-957008799
00:11:47 | INFO: Blender create Mesh node osm-way-957008801
00:11:47 | INFO: Blender create Mesh node osm-way-957019599
00:11:47 | INFO: Blender create Mesh node osm-way-957019600
00:11:47 | INFO: Blender create Mesh node osm-way-957019601
00:11:47 | INFO: Blender create Mesh node osm-way-957019602
00:11:47 | INFO: Blender create Mesh node osm-way-957019603
00:11:47 | INFO: Blender create Mesh node osm-way-957019604
00:11:47 | INFO: Blender create Mesh node osm-way-957019605
00:11:47 | INFO: Blender create Mesh node osm-way-957019606
00:11:47 | INFO: Blender create Mesh node osm-way-957019607
00:11:47 | INFO: Blender create Mesh node osm-way-957019608
00:11:47 | INFO: Blender create Mesh node osm-way-957019609
00:11:47 | INFO: Blender create Mesh node osm-way-957019610
00:11:47 | INFO: Blender create Mesh node osm-way-957019611
00:11:47 | INFO: Blender create Mesh node osm-way-957019612
00:11:47 | INFO: Blender create Mesh node osm-way-957019613
00:11:47 | INFO: Blender create Mesh node osm-way-957019614
00:11:47 | INFO: Blender create Mesh node osm-way-957019615
00:11:47 | INFO: Blender create Mesh node osm-way-957019616
00:11:47 | INFO: Blender create Mesh node osm-way-957019617
00:11:47 | INFO: Blender create Mesh node osm-way-957019618
00:11:47 | INFO: Blender create Mesh node osm-way-957019619
00:11:47 | INFO: Blender create Mesh node osm-way-957019620
00:11:47 | INFO: Blender create Mesh node osm-way-957019621
00:11:47 | INFO: Blender create Mesh node osm-way-957019622
00:11:47 | INFO: Blender create Mesh node osm-way-957019623
00:11:47 | INFO: Blender create Mesh node osm-way-957019624
00:11:47 | INFO: Blender create Mesh node osm-way-957019625
00:11:47 | INFO: Blender create Mesh node osm-way-957019626
00:11:47 | INFO: Blender create Mesh node osm-way-957019627
00:11:47 | INFO: Blender create Mesh node osm-way-957019629
00:11:47 | INFO: Blender create Mesh node osm-way-957019630
00:11:47 | INFO: Blender create Mesh node osm-way-957019631
00:11:47 | INFO: Blender create Mesh node osm-way-957019632
00:11:47 | INFO: Blender create Mesh node osm-way-957019633
00:11:47 | INFO: Blender create Mesh node osm-way-957019634
00:11:47 | INFO: Blender create Mesh node osm-way-957019635
00:11:47 | INFO: Blender create Mesh node osm-way-957019636
00:11:47 | INFO: Blender create Mesh node osm-way-957019637
00:11:47 | INFO: Blender create Mesh node osm-way-957019638
00:11:47 | INFO: Blender create Mesh node osm-way-957019639
00:11:47 | INFO: Blender create Mesh node osm-way-957019640
00:11:47 | INFO: Blender create Mesh node osm-way-957019644
00:11:47 | INFO: Blender create Mesh node osm-way-957019645
00:11:47 | INFO: Blender create Mesh node osm-way-957019646
00:11:47 | INFO: Blender create Mesh node osm-way-957019647
00:11:47 | INFO: Blender create Mesh node osm-way-957019648
00:11:47 | INFO: Blender create Mesh node osm-way-957019649
00:11:47 | INFO: Blender create Mesh node osm-way-957019650
00:11:47 | INFO: Blender create Mesh node osm-way-957019651
00:11:47 | INFO: Blender create Mesh node osm-way-957019652
00:11:47 | INFO: Blender create Mesh node osm-way-957019653
00:11:47 | INFO: Blender create Mesh node osm-way-957019654
00:11:47 | INFO: Blender create Mesh node osm-way-957451683
00:11:47 | INFO: Blender create Mesh node osm-way-957451684
00:11:48 | INFO: Blender create Mesh node osm-way-957451685
00:11:48 | INFO: Blender create Mesh node osm-way-957451686
00:11:48 | INFO: Blender create Mesh node osm-way-957451687
00:11:48 | INFO: Blender create Mesh node osm-way-957451688
00:11:48 | INFO: Blender create Mesh node osm-way-957451691
00:11:48 | INFO: Blender create Mesh node osm-way-957451692
00:11:48 | INFO: Blender create Mesh node osm-way-957451693
00:11:48 | INFO: Blender create Mesh node osm-way-957451694
00:11:48 | INFO: Blender create Mesh node osm-way-957451695
00:11:48 | INFO: Blender create Mesh node osm-way-957451696
00:11:48 | INFO: Blender create Mesh node osm-way-957451697
00:11:48 | INFO: Blender create Mesh node osm-way-957451698
00:11:48 | INFO: Blender create Mesh node osm-way-957451699
00:11:48 | INFO: Blender create Mesh node osm-way-957451700
00:11:48 | INFO: Blender create Mesh node osm-way-957451703
00:11:48 | INFO: Blender create Mesh node osm-way-957451704
00:11:48 | INFO: Blender create Mesh node osm-way-957451705
00:11:48 | INFO: Blender create Mesh node osm-way-957451706
00:11:48 | INFO: Blender create Mesh node osm-way-957451707
00:11:48 | INFO: Blender create Mesh node osm-way-957451708
00:11:48 | INFO: Blender create Mesh node osm-way-957451709
00:11:48 | INFO: Blender create Mesh node osm-way-957451710
00:11:48 | INFO: Blender create Mesh node osm-way-957451713
00:11:48 | INFO: Blender create Mesh node osm-way-957451714
00:11:48 | INFO: Blender create Mesh node osm-way-957451715
00:11:48 | INFO: Blender create Mesh node osm-way-957451716
00:11:48 | INFO: Blender create Mesh node osm-way-957451717
00:11:48 | INFO: Blender create Mesh node osm-way-957451718
00:11:48 | INFO: Blender create Mesh node osm-way-957451719
00:11:48 | INFO: Blender create Mesh node osm-way-957451720
00:11:48 | INFO: Blender create Mesh node osm-way-957451721
00:11:48 | INFO: Blender create Mesh node osm-way-957451722
00:11:48 | INFO: Blender create Mesh node osm-way-957451724
00:11:48 | INFO: Blender create Mesh node osm-way-957451725
00:11:48 | INFO: Blender create Mesh node osm-way-957451726
00:11:48 | INFO: Blender create Mesh node osm-way-957451728
00:11:48 | INFO: Blender create Mesh node osm-way-957455556
00:11:48 | INFO: Blender create Mesh node osm-way-957455557
00:11:48 | INFO: Blender create Mesh node osm-way-957455558
00:11:48 | INFO: Blender create Mesh node osm-way-957455559
00:11:48 | INFO: Blender create Mesh node osm-way-957456630
00:11:48 | INFO: Blender create Mesh node osm-way-957456631
00:11:48 | INFO: Blender create Mesh node osm-way-958766046
00:11:48 | INFO: Blender create Mesh node osm-way-958766051
00:11:48 | INFO: Blender create Mesh node osm-way-958766052
00:11:48 | INFO: Blender create Mesh node osm-way-958766060
00:11:48 | INFO: Blender create Mesh node osm-way-958766061
00:11:48 | INFO: Blender create Mesh node osm-way-958766062
00:11:48 | INFO: Blender create Mesh node osm-way-958766063
00:11:48 | INFO: Blender create Mesh node osm-way-958766067
00:11:48 | INFO: Blender create Mesh node osm-way-958766068
00:11:48 | INFO: Blender create Mesh node osm-way-958766069
00:11:48 | INFO: Blender create Mesh node osm-way-958766070
00:11:48 | INFO: Blender create Mesh node osm-way-958766073
00:11:48 | INFO: Blender create Mesh node osm-way-958766074
00:11:48 | INFO: Blender create Mesh node osm-way-958766075
00:11:48 | INFO: Blender create Mesh node osm-way-958766084
00:11:48 | INFO: Blender create Mesh node osm-way-958766085
00:11:48 | INFO: Blender create Mesh node osm-way-958766086
00:11:48 | INFO: Blender create Mesh node osm-way-958766101
00:11:48 | INFO: Blender create Mesh node osm-way-958766131
00:11:48 | INFO: Blender create Mesh node osm-way-958766132
00:11:48 | INFO: Blender create Mesh node osm-way-959022775
00:11:48 | INFO: Blender create Mesh node osm-way-959022776
00:11:48 | INFO: Blender create Mesh node osm-way-959022777
00:11:48 | INFO: Blender create Mesh node osm-way-959022778
00:11:48 | INFO: Blender create Mesh node osm-way-959022779
00:11:48 | INFO: Blender create Mesh node osm-way-959022780
00:11:48 | INFO: Blender create Mesh node osm-way-959022781
00:11:48 | INFO: Blender create Mesh node osm-way-959022782
00:11:48 | INFO: Blender create Mesh node osm-way-959022793
00:11:48 | INFO: Blender create Mesh node osm-way-959022794
00:11:48 | INFO: Blender create Mesh node osm-way-959022795
00:11:48 | INFO: Blender create Mesh node osm-way-959022804
00:11:48 | INFO: Blender create Mesh node osm-way-959022805
00:11:48 | INFO: Blender create Mesh node osm-way-959022806
00:11:48 | INFO: Blender create Mesh node osm-way-959022807
00:11:48 | INFO: Blender create Mesh node osm-way-959022808
00:11:48 | INFO: Blender create Mesh node osm-way-959022809
00:11:48 | INFO: Blender create Mesh node osm-way-959022810
00:11:48 | INFO: Blender create Mesh node osm-way-959022811
00:11:48 | INFO: Blender create Mesh node osm-way-959022814
00:11:48 | INFO: Blender create Mesh node osm-way-959022815
00:11:48 | INFO: Blender create Mesh node osm-way-959022816
00:11:48 | INFO: Blender create Mesh node osm-way-959022817
00:11:48 | INFO: Blender create Mesh node osm-way-959022818
00:11:48 | INFO: Blender create Mesh node osm-way-959022819
00:11:48 | INFO: Blender create Mesh node osm-way-959022820
00:11:48 | INFO: Blender create Mesh node osm-way-959022821
00:11:48 | INFO: Blender create Mesh node osm-way-959022822
00:11:48 | INFO: Blender create Mesh node osm-way-959022823
00:11:48 | INFO: Blender create Mesh node osm-way-959022824
00:11:48 | INFO: Blender create Mesh node osm-way-959022825
00:11:48 | INFO: Blender create Mesh node osm-way-959022826
00:11:48 | INFO: Blender create Mesh node osm-way-959022834
00:11:48 | INFO: Blender create Mesh node osm-way-959064094
00:11:48 | INFO: Blender create Mesh node osm-way-959064095
00:11:48 | INFO: Blender create Mesh node osm-way-959064096
00:11:48 | INFO: Blender create Mesh node osm-way-959064097
00:11:48 | INFO: Blender create Mesh node osm-way-959064107
00:11:48 | INFO: Blender create Mesh node osm-way-959064108
00:11:48 | INFO: Blender create Mesh node osm-way-959064109
00:11:48 | INFO: Blender create Mesh node osm-way-959064110
00:11:48 | INFO: Blender create Mesh node osm-way-959064111
00:11:48 | INFO: Blender create Mesh node osm-way-959064112
00:11:48 | INFO: Blender create Mesh node osm-way-959064114
00:11:48 | INFO: Blender create Mesh node osm-way-959064115
00:11:48 | INFO: Blender create Mesh node osm-way-959064121
00:11:48 | INFO: Blender create Mesh node osm-way-959064122
00:11:48 | INFO: Blender create Mesh node osm-way-959649118
00:11:48 | INFO: Blender create Mesh node osm-way-959649119
00:11:48 | INFO: Blender create Mesh node osm-way-959649120
00:11:48 | INFO: Blender create Mesh node osm-way-960774471
00:11:48 | INFO: Blender create Mesh node osm-way-960774472
00:11:48 | INFO: Blender create Mesh node osm-way-960774473
00:11:48 | INFO: Blender create Mesh node osm-way-960774474
00:11:48 | INFO: Blender create Mesh node osm-way-960774475
00:11:48 | INFO: Blender create Mesh node osm-way-960774476
00:11:48 | INFO: Blender create Mesh node osm-way-960774477
00:11:48 | INFO: Blender create Mesh node osm-way-960774478
00:11:48 | INFO: Blender create Mesh node osm-way-960774479
00:11:48 | INFO: Blender create Mesh node osm-way-960774480
00:11:48 | INFO: Blender create Mesh node osm-way-960774481
00:11:48 | INFO: Blender create Mesh node osm-way-960774482
00:11:48 | INFO: Blender create Mesh node osm-way-960774483
00:11:48 | INFO: Blender create Mesh node osm-way-960774484
00:11:48 | INFO: Blender create Mesh node osm-way-960774485
00:11:48 | INFO: Blender create Mesh node osm-way-960774486
00:11:48 | INFO: Blender create Mesh node osm-way-960774487
00:11:48 | INFO: Blender create Mesh node osm-way-960774488
00:11:48 | INFO: Blender create Mesh node osm-way-960774489
00:11:48 | INFO: Blender create Mesh node osm-way-960774492
00:11:48 | INFO: Blender create Mesh node osm-way-960774493
00:11:48 | INFO: Blender create Mesh node osm-way-960774495
00:11:48 | INFO: Blender create Mesh node osm-way-960774496
00:11:48 | INFO: Blender create Mesh node osm-way-960774498
00:11:48 | INFO: Blender create Mesh node osm-way-960774503
00:11:48 | INFO: Blender create Mesh node osm-way-960774510
00:11:48 | INFO: Blender create Mesh node osm-way-960774513
00:11:48 | INFO: Blender create Mesh node osm-way-960774514
00:11:48 | INFO: Blender create Mesh node osm-way-960774515
00:11:48 | INFO: Blender create Mesh node osm-way-960774516
00:11:48 | INFO: Blender create Mesh node osm-way-960774517
00:11:48 | INFO: Blender create Mesh node osm-way-960774520
00:11:48 | INFO: Blender create Mesh node osm-way-960774521
00:11:48 | INFO: Blender create Mesh node osm-way-960774523
00:11:48 | INFO: Blender create Mesh node osm-way-960774524
00:11:48 | INFO: Blender create Mesh node osm-way-960774525
00:11:48 | INFO: Blender create Mesh node osm-way-960774526
00:11:48 | INFO: Blender create Mesh node osm-way-960774527
00:11:48 | INFO: Blender create Mesh node osm-way-960774528
00:11:48 | INFO: Blender create Mesh node osm-way-960774529
00:11:48 | INFO: Blender create Mesh node osm-way-960774530
00:11:48 | INFO: Blender create Mesh node osm-way-960774531
00:11:48 | INFO: Blender create Mesh node osm-way-960774532
00:11:48 | INFO: Blender create Mesh node osm-way-960774533
00:11:48 | INFO: Blender create Mesh node osm-way-960774534
00:11:48 | INFO: Blender create Mesh node osm-way-960774535
00:11:48 | INFO: Blender create Mesh node osm-way-961069819
00:11:48 | INFO: Blender create Mesh node osm-way-961069820
00:11:48 | INFO: Blender create Mesh node osm-way-961069821
00:11:48 | INFO: Blender create Mesh node osm-way-961069822
00:11:48 | INFO: Blender create Mesh node osm-way-961069823
00:11:48 | INFO: Blender create Mesh node osm-way-961069824
00:11:48 | INFO: Blender create Mesh node osm-way-961069825
00:11:48 | INFO: Blender create Mesh node osm-way-961069826
00:11:48 | INFO: Blender create Mesh node osm-way-961069827
00:11:48 | INFO: Blender create Mesh node osm-way-961069828
00:11:48 | INFO: Blender create Mesh node osm-way-961069829
00:11:48 | INFO: Blender create Mesh node osm-way-961069830
00:11:48 | INFO: Blender create Mesh node osm-way-961069831
00:11:48 | INFO: Blender create Mesh node osm-way-961069832
00:11:48 | INFO: Blender create Mesh node osm-way-961069833
00:11:48 | INFO: Blender create Mesh node osm-way-961069834
00:11:48 | INFO: Blender create Mesh node osm-way-961069835
00:11:48 | INFO: Blender create Mesh node osm-way-961069836
00:11:48 | INFO: Blender create Mesh node osm-way-961069837
00:11:48 | INFO: Blender create Mesh node osm-way-961069838
00:11:48 | INFO: Blender create Mesh node osm-way-961069839
00:11:48 | INFO: Blender create Mesh node osm-way-961069840
00:11:48 | INFO: Blender create Mesh node osm-way-961069841
00:11:48 | INFO: Blender create Mesh node osm-way-961069842
00:11:48 | INFO: Blender create Mesh node osm-way-961069843
00:11:48 | INFO: Blender create Mesh node osm-way-961069844
00:11:48 | INFO: Blender create Mesh node osm-way-961069845
00:11:48 | INFO: Blender create Mesh node osm-way-961069846
00:11:48 | INFO: Blender create Mesh node osm-way-961069847
00:11:48 | INFO: Blender create Mesh node osm-way-961069848
00:11:48 | INFO: Blender create Mesh node osm-way-961069851
00:11:48 | INFO: Blender create Mesh node osm-way-961069852
00:11:48 | INFO: Blender create Mesh node osm-way-961322834
00:11:48 | INFO: Blender create Mesh node osm-way-961322837
00:11:48 | INFO: Blender create Mesh node osm-way-961322838
00:11:48 | INFO: Blender create Mesh node osm-way-961322841
00:11:48 | INFO: Blender create Mesh node osm-way-961322842
00:11:48 | INFO: Blender create Mesh node osm-way-961322843
00:11:48 | INFO: Blender create Mesh node osm-way-961322844
00:11:48 | INFO: Blender create Mesh node osm-way-961322860
00:11:48 | INFO: Blender create Mesh node osm-way-961634158
00:11:48 | INFO: Blender create Mesh node osm-way-961656405
00:11:48 | INFO: Blender create Mesh node osm-way-961656406
00:11:48 | INFO: Blender create Mesh node osm-way-964254608
00:11:48 | INFO: Blender create Mesh node osm-way-964254609
00:11:48 | INFO: Blender create Mesh node osm-way-964254610
00:11:48 | INFO: Blender create Mesh node osm-way-964254611
00:11:48 | INFO: Blender create Mesh node osm-way-964254612
00:11:48 | INFO: Blender create Mesh node osm-way-964254613
00:11:48 | INFO: Blender create Mesh node osm-way-964254617
00:11:48 | INFO: Blender create Mesh node osm-way-964254618
00:11:48 | INFO: Blender create Mesh node osm-way-964254619
00:11:48 | INFO: Blender create Mesh node osm-way-964254620
00:11:48 | INFO: Blender create Mesh node osm-way-964254621
00:11:48 | INFO: Blender create Mesh node osm-way-964254622
00:11:48 | INFO: Blender create Mesh node osm-way-964254623
00:11:48 | INFO: Blender create Mesh node osm-way-964254624
00:11:48 | INFO: Blender create Mesh node osm-way-964254625
00:11:48 | INFO: Blender create Mesh node osm-way-964254626
00:11:48 | INFO: Blender create Mesh node osm-way-964254627
00:11:48 | INFO: Blender create Mesh node osm-way-964254628
00:11:48 | INFO: Blender create Mesh node osm-way-964254629
00:11:48 | INFO: Blender create Mesh node osm-way-964254630
00:11:48 | INFO: Blender create Mesh node osm-way-964254631
00:11:48 | INFO: Blender create Mesh node osm-way-964254632
00:11:48 | INFO: Blender create Mesh node osm-way-964254633
00:11:48 | INFO: Blender create Mesh node osm-way-964254634
00:11:48 | INFO: Blender create Mesh node osm-way-964254635
00:11:48 | INFO: Blender create Mesh node osm-way-964254636
00:11:48 | INFO: Blender create Mesh node osm-way-964254637
00:11:48 | INFO: Blender create Mesh node osm-way-964254638
00:11:48 | INFO: Blender create Mesh node osm-way-964254639
00:11:48 | INFO: Blender create Mesh node osm-way-964254640
00:11:48 | INFO: Blender create Mesh node osm-way-964254644
00:11:48 | INFO: Blender create Mesh node osm-way-964254645
00:11:48 | INFO: Blender create Mesh node osm-way-964254646
00:11:48 | INFO: Blender create Mesh node osm-way-964254647
00:11:48 | INFO: Blender create Mesh node osm-way-964254648
00:11:48 | INFO: Blender create Mesh node osm-way-964405391
00:11:48 | INFO: Blender create Mesh node osm-way-964405392
00:11:48 | INFO: Blender create Mesh node osm-way-964405396
00:11:48 | INFO: Blender create Mesh node osm-way-964405397
00:11:48 | INFO: Blender create Mesh node osm-way-964405398
00:11:48 | INFO: Blender create Mesh node osm-way-964405399
00:11:48 | INFO: Blender create Mesh node osm-way-964405400
00:11:48 | INFO: Blender create Mesh node osm-way-964420073
00:11:48 | INFO: Blender create Mesh node osm-way-964420074
00:11:48 | INFO: Blender create Mesh node osm-way-964420088
00:11:48 | INFO: Blender create Mesh node osm-way-964420090
00:11:48 | INFO: Blender create Mesh node osm-way-964420091
00:11:48 | INFO: Blender create Mesh node osm-way-964420099
00:11:48 | INFO: Blender create Mesh node osm-way-964420100
00:11:48 | INFO: Blender create Mesh node osm-way-964420103
00:11:48 | INFO: Blender create Mesh node osm-way-964420104
00:11:48 | INFO: Blender create Mesh node osm-way-964420112
00:11:48 | INFO: Blender create Mesh node osm-way-964420121
00:11:48 | INFO: Blender create Mesh node osm-way-964420122
00:11:48 | INFO: Blender create Mesh node osm-way-964420123
00:11:48 | INFO: Blender create Mesh node osm-way-964420124
00:11:48 | INFO: Blender create Mesh node osm-way-964420126
00:11:48 | INFO: Blender create Mesh node osm-way-964420127
00:11:49 | INFO: Blender create Mesh node osm-way-964420128
00:11:49 | INFO: Blender create Mesh node osm-way-964420135
00:11:49 | INFO: Blender create Mesh node osm-way-964446742
00:11:49 | INFO: Blender create Mesh node osm-way-964446750
00:11:49 | INFO: Blender create Mesh node osm-way-964446762
00:11:49 | INFO: Blender create Mesh node osm-way-964446774
00:11:49 | INFO: Blender create Mesh node osm-way-964446779
00:11:49 | INFO: Blender create Mesh node osm-way-964451996
00:11:49 | INFO: Blender create Mesh node osm-way-964452000
00:11:49 | INFO: Blender create Mesh node osm-way-964452001
00:11:49 | INFO: Blender create Mesh node osm-way-964452012
00:11:49 | INFO: Blender create Mesh node osm-way-965004722
00:11:49 | INFO: Blender create Mesh node osm-way-965004725
00:11:49 | INFO: Blender create Mesh node osm-way-965004727
00:11:49 | INFO: Blender create Mesh node osm-way-965004728
00:11:49 | INFO: Blender create Mesh node osm-way-965004729
00:11:49 | INFO: Blender create Mesh node osm-way-965004730
00:11:49 | INFO: Blender create Mesh node osm-way-965004734
00:11:49 | INFO: Blender create Mesh node osm-way-965004738
00:11:49 | INFO: Blender create Mesh node osm-way-965004744
00:11:49 | INFO: Blender create Mesh node osm-way-965004762
00:11:49 | INFO: Blender create Mesh node osm-way-965004763
00:11:49 | INFO: Blender create Mesh node osm-way-965004764
00:11:49 | INFO: Blender create Mesh node osm-way-965004765
00:11:49 | INFO: Blender create Mesh node osm-way-965004773
00:11:49 | INFO: Blender create Mesh node osm-way-965030430
00:11:49 | INFO: Blender create Mesh node osm-way-965030432
00:11:49 | INFO: Blender create Mesh node osm-way-965030443
00:11:49 | INFO: Blender create Mesh node osm-way-965030475
00:11:49 | INFO: Blender create Mesh node osm-way-965047353
00:11:49 | INFO: Blender create Mesh node osm-way-965049034
00:11:49 | INFO: Blender create Mesh node osm-way-965081037
00:11:49 | INFO: Blender create Mesh node osm-way-967274327
00:11:49 | INFO: Blender create Mesh node osm-way-967274328
00:11:49 | INFO: Blender create Mesh node osm-way-967274329
00:11:49 | INFO: Blender create Mesh node osm-way-967274361
00:11:49 | INFO: Blender create Mesh node osm-way-967274363
00:11:49 | INFO: Blender create Mesh node osm-way-967274364
00:11:49 | INFO: Blender create Mesh node osm-way-967274421
00:11:49 | INFO: Blender create Mesh node osm-way-967274424
00:11:49 | INFO: Blender create Mesh node osm-way-967274425
00:11:49 | INFO: Blender create Mesh node osm-way-967274426
00:11:49 | INFO: Blender create Mesh node osm-way-967279346
00:11:49 | INFO: Blender create Mesh node osm-way-967279393
00:11:49 | INFO: Blender create Mesh node osm-way-967281056
00:11:49 | INFO: Blender create Mesh node osm-way-967281057
00:11:49 | INFO: Blender create Mesh node osm-way-967281058
00:11:49 | INFO: Blender create Mesh node osm-way-967835498
00:11:49 | INFO: Blender create Mesh node osm-way-967835500
00:11:49 | INFO: Blender create Mesh node osm-way-967835520
00:11:49 | INFO: Blender create Mesh node osm-way-967835535
00:11:49 | INFO: Blender create Mesh node osm-way-967835536
00:11:49 | INFO: Blender create Mesh node osm-way-967835538
00:11:49 | INFO: Blender create Mesh node osm-way-967835567
00:11:49 | INFO: Blender create Mesh node osm-way-969466751
00:11:49 | INFO: Blender create Mesh node osm-way-969466756
00:11:49 | INFO: Blender create Mesh node osm-way-969466766
00:11:49 | INFO: Blender create Mesh node osm-way-969466778
00:11:49 | INFO: Blender create Mesh node osm-way-969466779
00:11:49 | INFO: Blender create Mesh node osm-way-969466780
00:11:49 | INFO: Blender create Mesh node osm-way-969466781
00:11:49 | INFO: Blender create Mesh node osm-way-969466782
00:11:49 | INFO: Blender create Mesh node osm-way-969466783
00:11:49 | INFO: Blender create Mesh node osm-way-969466784
00:11:49 | INFO: Blender create Mesh node osm-way-969466786
00:11:49 | INFO: Blender create Mesh node osm-way-969466805
00:11:49 | INFO: Blender create Mesh node osm-way-981198287
00:11:49 | INFO: Blender create Mesh node osm-way-988162956
00:11:49 | INFO: Blender create Mesh node osm-way-1068995701
00:11:49 | INFO: Blender create Mesh node osm-way-1068995703
00:11:49 | INFO: Blender create Mesh node osm-way-1068995704
00:11:49 | INFO: Blender create Mesh node osm-way-1077146598
00:11:49 | INFO: Blender create Mesh node osm-way-1090253906
00:11:49 | INFO: Blender create Mesh node osm-way-1154862079
00:11:49 | INFO: Blender create Mesh node osm-way-1156202587
00:11:49 | INFO: Blender create Mesh node osm-way-1156620261
00:11:49 | INFO: Blender create Mesh node osm-way-1156620263
00:11:49 | INFO: Blender create Mesh node osm-way-1156865542
00:11:49 | INFO: Blender create Mesh node osm-way-1156865543
00:11:49 | INFO: Blender create Mesh node osm-way-1156865544
00:11:49 | INFO: Blender create Mesh node osm-way-1196303149
00:11:49 | INFO: Blender create Mesh node osm-way-1196303150
00:11:49 | INFO: Blender create Mesh node osm-way-1196303151
00:11:49 | INFO: Blender create Mesh node osm-way-1196303152
00:11:49 | INFO: Blender create Mesh node osm-way-1196676110
00:11:49 | INFO: Blender create Mesh node osm-way-1196686832
00:11:49 | INFO: Blender create Mesh node osm-way-1196686833
00:11:49 | INFO: Blender create Mesh node osm-way-1196704492
00:11:49 | INFO: Blender create Mesh node osm-way-1196704493
00:11:49 | INFO: Blender create Mesh node osm-way-1196704494
00:11:49 | INFO: Blender create Mesh node osm-way-1196704499
00:11:49 | INFO: Blender create Mesh node osm-way-1196709515
00:11:49 | INFO: Blender create Mesh node osm-way-1196709516
00:11:49 | INFO: Blender create Mesh node osm-way-1196713223
00:11:49 | INFO: Blender create Mesh node osm-way-1196823089
00:11:49 | INFO: Blender create Mesh node osm-way-1196823090
00:11:49 | INFO: Blender create Mesh node osm-way-1196823091
00:11:49 | INFO: Blender create Mesh node osm-way-1196823092
00:11:49 | INFO: Blender create Mesh node osm-way-1196823093
00:11:49 | INFO: Blender create Mesh node osm-way-1196823094
00:11:49 | INFO: Blender create Mesh node osm-way-1196823095
00:11:49 | INFO: Blender create Mesh node osm-way-1196823096
00:11:49 | INFO: Blender create Mesh node osm-way-1196823097
00:11:49 | INFO: Blender create Mesh node osm-way-1196823098
00:11:49 | INFO: Blender create Mesh node osm-way-1196823102
00:11:49 | INFO: Blender create Mesh node osm-way-1196823103
00:11:49 | INFO: Blender create Mesh node osm-way-1197015324
00:11:49 | INFO: Blender create Mesh node osm-way-1197047251
00:11:49 | INFO: Blender create Mesh node osm-way-1197047252
00:11:49 | INFO: Blender create Mesh node osm-way-1197047253
00:11:49 | INFO: Blender create Mesh node osm-way-1197047254
00:11:49 | INFO: Blender create Mesh node osm-way-1197047255
00:11:49 | INFO: Blender create Mesh node osm-way-1197047256
00:11:49 | INFO: Blender create Mesh node osm-way-1197047257
00:11:49 | INFO: Blender create Mesh node osm-way-1197047258
00:11:49 | INFO: Blender create Mesh node osm-way-1197047259
00:11:49 | INFO: Blender create Mesh node osm-way-1197047260
00:11:49 | INFO: Blender create Mesh node osm-way-1197068350
00:11:49 | INFO: Blender create Mesh node osm-way-1197245615
00:11:49 | INFO: Blender create Mesh node osm-way-1197245616
00:11:49 | INFO: Blender create Mesh node osm-way-1197246865
00:11:49 | INFO: Blender create Mesh node osm-way-1197248204
00:11:49 | INFO: Blender create Mesh node osm-way-1197248205
00:11:49 | INFO: Blender create Mesh node osm-way-1197248206
00:11:49 | INFO: Blender create Mesh node osm-way-1197248207
00:11:49 | INFO: Blender create Mesh node osm-way-1197248208
00:11:49 | INFO: Blender create Mesh node osm-way-1197248209
00:11:49 | INFO: Blender create Mesh node osm-way-1197248210
00:11:49 | INFO: Blender create Mesh node osm-way-1197248211
00:11:49 | INFO: Blender create Mesh node osm-way-1197248212
00:11:49 | INFO: Blender create Mesh node osm-way-1197596635
00:11:49 | INFO: Blender create Mesh node osm-way-1197596636
00:11:49 | INFO: Blender create Mesh node osm-way-1197596637
00:11:49 | INFO: Blender create Mesh node osm-way-1197598051
00:11:49 | INFO: Blender create Mesh node osm-way-1197600165
00:11:49 | INFO: Blender create Mesh node osm-way-1197606023
00:11:49 | INFO: Blender create Mesh node osm-way-1197612259
00:11:49 | INFO: Blender create Mesh node osm-way-1197612260
00:11:49 | INFO: Blender create Mesh node osm-way-1197674361
00:11:49 | INFO: Blender create Mesh node osm-way-1197685190
00:11:49 | INFO: Blender create Mesh node osm-way-1197685191
00:11:49 | INFO: Blender create Mesh node osm-way-1197685192
00:11:49 | INFO: Blender create Mesh node osm-way-1197713703
00:11:49 | INFO: Blender create Mesh node osm-way-1197715829
00:11:49 | INFO: Blender create Mesh node osm-way-1197721337
00:11:49 | INFO: Blender create Mesh node osm-way-1197725294
00:11:49 | INFO: Blender create Mesh node osm-way-1197725297
00:11:49 | INFO: Blender create Mesh node osm-way-1197725298
00:11:49 | INFO: Blender create Mesh node osm-way-1197725299
00:11:49 | INFO: Blender create Mesh node osm-way-1197725300
00:11:49 | INFO: Blender create Mesh node osm-way-1197839028
00:11:49 | INFO: Blender create Mesh node osm-way-1197839029
00:11:49 | INFO: Blender create Mesh node osm-way-1197839030
00:11:49 | INFO: Blender create Mesh node osm-way-1197839031
00:11:49 | INFO: Blender create Mesh node osm-way-1197839032
00:11:49 | INFO: Blender create Mesh node osm-way-1197839033
00:11:49 | INFO: Blender create Mesh node osm-way-1197839034
00:11:49 | INFO: Blender create Mesh node osm-way-1197839035
00:11:49 | INFO: Blender create Mesh node osm-way-1197839036
00:11:49 | INFO: Blender create Mesh node osm-way-1197841534
00:11:49 | INFO: Blender create Mesh node osm-way-1197842260
00:11:49 | INFO: Blender create Mesh node osm-way-1197842261
00:11:49 | INFO: Blender create Mesh node osm-way-1197842262
00:11:49 | INFO: Blender create Mesh node osm-way-1197925704
00:11:49 | INFO: Blender create Mesh node osm-way-1198023179
00:11:49 | INFO: Blender create Mesh node osm-way-1198044608
00:11:49 | INFO: Blender create Mesh node osm-way-1198530145
00:11:49 | INFO: Blender create Mesh node osm-way-1198530146
00:11:49 | INFO: Blender create Mesh node osm-way-1198532835
00:11:49 | INFO: Blender create Mesh node osm-way-1198533063
00:11:49 | INFO: Blender create Mesh node osm-way-1198539445
00:11:49 | INFO: Blender create Mesh node osm-way-1198550837
00:11:49 | INFO: Blender create Mesh node osm-way-1198550838
00:11:49 | INFO: Blender create Mesh node osm-way-1198554860
00:11:49 | INFO: Blender create Mesh node osm-way-1198554861
00:11:49 | INFO: Blender create Mesh node osm-way-1198554862
00:11:49 | INFO: Blender create Mesh node osm-way-1198554863
00:11:49 | INFO: Blender create Mesh node osm-way-1198559398
00:11:49 | INFO: Blender create Mesh node osm-way-1198559399
00:11:49 | INFO: Blender create Mesh node osm-way-1198563493
00:11:49 | INFO: Blender create Mesh node osm-way-1198563494
00:11:49 | INFO: Blender create Mesh node osm-way-1198563495
00:11:49 | INFO: Blender create Mesh node osm-way-1198568463
00:11:49 | INFO: Blender create Mesh node osm-way-1198568464
00:11:49 | INFO: Blender create Mesh node osm-way-1198568465
00:11:49 | INFO: Blender create Mesh node osm-way-1198568466
00:11:49 | INFO: Blender create Mesh node osm-way-1198568467
00:11:49 | INFO: Blender create Mesh node osm-way-1198568468
00:11:49 | INFO: Blender create Mesh node osm-way-1198569400
00:11:49 | INFO: Blender create Mesh node osm-way-1198569401
00:11:49 | INFO: Blender create Mesh node osm-way-1198569402
00:11:49 | INFO: Blender create Mesh node osm-way-1198906117
00:11:49 | INFO: Blender create Mesh node osm-way-1198910484
00:11:49 | INFO: Blender create Mesh node osm-way-1198910485
00:11:49 | INFO: Blender create Mesh node osm-way-1198910486
00:11:49 | INFO: Blender create Mesh node osm-way-1198910487
00:11:49 | INFO: Blender create Mesh node osm-way-1198910488
00:11:49 | INFO: Blender create Mesh node osm-way-1198910491
00:11:49 | INFO: Blender create Mesh node osm-way-1198910495
00:11:49 | INFO: Blender create Mesh node osm-way-1198910496
00:11:49 | INFO: Blender create Mesh node osm-way-1198910497
00:11:50 | INFO: Blender create Mesh node osm-way-1198910498
00:11:50 | INFO: Blender create Mesh node osm-way-1198910499
00:11:50 | INFO: Blender create Mesh node osm-way-1198910500
00:11:50 | INFO: Blender create Mesh node osm-way-1198910501
00:11:50 | INFO: Blender create Mesh node osm-way-1198910508
00:11:50 | INFO: Blender create Mesh node osm-way-1198910510
00:11:50 | INFO: Blender create Mesh node osm-way-1198910514
00:11:50 | INFO: Blender create Mesh node osm-way-1198910515
00:11:50 | INFO: Blender create Mesh node osm-way-1198910517
00:11:50 | INFO: Blender create Mesh node osm-way-1198910518
00:11:50 | INFO: Blender create Mesh node osm-way-1198910519
00:11:50 | INFO: Blender create Mesh node osm-way-1198910520
00:11:50 | INFO: Blender create Mesh node osm-way-1198910521
00:11:50 | INFO: Blender create Mesh node osm-way-1198910522
00:11:50 | INFO: Blender create Mesh node osm-way-1198910523
00:11:50 | INFO: Blender create Mesh node osm-way-1198910524
00:11:50 | INFO: Blender create Mesh node osm-way-1198910525
00:11:50 | INFO: Blender create Mesh node osm-way-1202226026
00:11:50 | INFO: Blender create Mesh node osm-way-1203038194
00:11:50 | INFO: Blender create Mesh node osm-way-1204417680
00:11:50 | INFO: Blender create Mesh node osm-way-1208840254
00:11:50 | INFO: Blender create Mesh node osm-way-1208963076
00:11:50 | INFO: Blender create Mesh node osm-way-1209959236
00:11:50 | INFO: Blender create Mesh node osm-way-1211163026
00:11:50 | INFO: Blender create Mesh node osm-way-1211163027
00:11:50 | INFO: Blender create Mesh node osm-way-1211163028
00:11:50 | INFO: Blender create Mesh node osm-way-1211969174
00:11:50 | INFO: Blender create Mesh node osm-way-1235754994
00:11:50 | INFO: Blender create Mesh node osm-way-1235754995
00:11:50 | INFO: Blender create Mesh node osm-way-1235754996
00:11:50 | INFO: Blender create Mesh node osm-way-1235754997
00:11:50 | INFO: Blender create Mesh node osm-way-1235754998
00:11:50 | INFO: Blender create Mesh node osm-way-1235755000
00:11:50 | INFO: Blender create Mesh node osm-way-1267641082
00:11:50 | INFO: Blender create Mesh node osm-way-1267641083
00:11:50 | INFO: Blender create Mesh node osm-way-1267641084
00:11:50 | INFO: Blender create Mesh node osm-way-1267641085
00:11:50 | INFO: Blender create Mesh node osm-way-1267641086
00:11:50 | INFO: Blender create Mesh node osm-way-1267646406
00:11:50 | INFO: Blender create Mesh node osm-way-1267646407
00:11:50 | INFO: Blender create Mesh node osm-way-1267646408
00:11:50 | INFO: Blender create Mesh node osm-way-1267646409
00:11:50 | INFO: Blender create Mesh node osm-way-1267646410
00:11:50 | INFO: Blender create Mesh node osm-way-1267646411
00:11:50 | INFO: Blender create Mesh node osm-way-1267646412
00:11:50 | INFO: Blender create Mesh node osm-way-1267682862
00:11:50 | INFO: Blender create Mesh node osm-way-1267682863
00:11:50 | INFO: Blender create Mesh node osm-way-1267682864
00:11:50 | INFO: Blender create Mesh node osm-way-1267682865
00:11:50 | INFO: Blender create Mesh node osm-way-1267682866
00:11:50 | INFO: Blender create Mesh node osm-way-1267699489
00:11:50 | INFO: Blender create Mesh node osm-way-1267704258
00:11:50 | INFO: Blender create Mesh node osm-way-1273967870
00:11:50 | INFO: Blender create Mesh node osm-way-1273967871
00:11:50 | INFO: Blender create Mesh node osm-way-1273967872
00:11:50 | INFO: Blender create Mesh node osm-way-1273967873
00:11:50 | INFO: Blender create Mesh node osm-way-1273967874
00:11:50 | INFO: Blender create Mesh node osm-way-1273967875
00:11:50 | INFO: Blender create Mesh node osm-way-1273968311
00:11:50 | INFO: Blender create Mesh node osm-way-1273968312
00:11:50 | INFO: Blender create Mesh node osm-way-1273968313
00:11:50 | INFO: Blender create Mesh node osm-way-1273968314
00:11:50 | INFO: Blender create Mesh node osm-way-1273968315
00:11:50 | INFO: Blender create Mesh node osm-way-1273968316
00:11:50 | INFO: Blender create Mesh node osm-way-1273968317
00:11:50 | INFO: Blender create Mesh node osm-way-1273968318
00:11:50 | INFO: Blender create Mesh node osm-way-1273968319
00:11:50 | INFO: Blender create Mesh node osm-way-1279602004
00:11:50 | INFO: Blender create Mesh node osm-way-1285721989
00:11:50 | INFO: Blender create Mesh node osm-way-1286959171
00:11:50 | INFO: Blender create Mesh node osm-way-1286959172
00:11:50 | INFO: Blender create Mesh node osm-way-1286959173
00:11:50 | INFO: Blender create Mesh node osm-way-1286959174
00:11:50 | INFO: Blender create Mesh node osm-way-1286959175
00:11:50 | INFO: Blender create Mesh node osm-way-1286959176
00:11:50 | INFO: Blender create Mesh node osm-way-1287050296
00:11:50 | INFO: Blender create Mesh node osm-way-1287050297
00:11:50 | INFO: Blender create Mesh node osm-way-1287050298
00:11:50 | INFO: Blender create Mesh node osm-way-1287050299
00:11:50 | INFO: Blender create Mesh node osm-way-1287050300
00:11:50 | INFO: Blender create Mesh node osm-way-1287050301
00:11:50 | INFO: Blender create Mesh node osm-way-1317964105
00:11:50 | INFO: Blender create Mesh node osm-way-1317964106
00:11:50 | INFO: Blender create Mesh node osm-way-1318374446
00:11:50 | INFO: Blender create Mesh node osm-way-1318374447
00:11:50 | INFO: Blender create Mesh node osm-way-1318374448
00:11:50 | INFO: Blender create Mesh node osm-way-1318374449
00:11:50 | INFO: Blender create Mesh node osm-way-1318374450
00:11:50 | INFO: Blender create Mesh node osm-way-1318374451
00:11:50 | INFO: Blender create Mesh node osm-way-1318374452
00:11:50 | INFO: Blender create Mesh node osm-way-1318374453
00:11:50 | INFO: Blender create Mesh node osm-way-1318376921
00:11:50 | INFO: Blender create Mesh node osm-way-1318376922
00:11:50 | INFO: Blender create Mesh node osm-way-1318376923
00:11:50 | INFO: Blender create Mesh node osm-way-1318376929
00:11:50 | INFO: Blender create Mesh node osm-way-1318376930
00:11:50 | INFO: Blender create Mesh node osm-way-1318376931
00:11:50 | INFO: Blender create Mesh node osm-way-1318770895
00:11:50 | INFO: Blender create Mesh node osm-way-1318770896
00:11:50 | INFO: Blender create Mesh node osm-way-1318770897
00:11:50 | INFO: Blender create Mesh node osm-way-1320150892
00:11:50 | INFO: Blender create Mesh node osm-way-1320150893
00:11:50 | INFO: Blender create Mesh node osm-way-1320354280
00:11:50 | INFO: Blender create Mesh node osm-way-1322937143
00:11:50 | INFO: Blender create Mesh node osm-way-1322937145
00:11:50 | INFO: Blender create Mesh node osm-way-1322937146
00:11:50 | INFO: Blender create Mesh node osm-way-1322937147
00:11:50 | INFO: Blender create Mesh node osm-way-1322937148
00:11:50 | INFO: Blender create Mesh node osm-way-1323407614
00:11:50 | INFO: Blender create Mesh node osm-way-1323407615
00:11:50 | INFO: Blender create Mesh node osm-way-1323407616
00:11:50 | INFO: Blender create Mesh node osm-way-1323407617
00:11:50 | INFO: Blender create Mesh node osm-way-1323407618
00:11:50 | INFO: Blender create Mesh node osm-way-1323408463
00:11:50 | INFO: Blender create Mesh node osm-way-1323408464
00:11:50 | INFO: Blender create Mesh node osm-way-1323409271
00:11:50 | INFO: Blender create Mesh node osm-way-1323409272
00:11:50 | INFO: Blender create Mesh node osm-way-1323409273
00:11:50 | INFO: Blender create Mesh node osm-way-1323409557
00:11:50 | INFO: Blender create Mesh node osm-way-1323409630
00:11:50 | INFO: Blender create Mesh node osm-way-1323409631
00:11:50 | INFO: Blender create Mesh node osm-way-1327395985
00:11:50 | INFO: Blender create Mesh node osm-way-1327395986
00:11:50 | INFO: Blender create Mesh node osm-way-1327395987
00:11:50 | INFO: Blender create Mesh node osm-way-1330812582
00:11:50 | INFO: Blender create Mesh node osm-way-1330827679
00:11:50 | INFO: Blender create Mesh node osm-way-1330827680
00:11:50 | INFO: Blender create Mesh node osm-way-1330827681
00:11:50 | INFO: Blender create Mesh node osm-way-1330827682
00:11:50 | INFO: Blender create Mesh node osm-way-1330827683
00:11:50 | INFO: Blender create Mesh node osm-way-1330877679
00:11:50 | INFO: Blender create Mesh node osm-way-1330877680
00:11:50 | INFO: Blender create Mesh node osm-way-1331990218
00:11:50 | INFO: Blender create Mesh node osm-way-1333613411
00:11:50 | INFO: Blender create Mesh node osm-way-1333613412
00:11:50 | INFO: Blender create Mesh node osm-way-1333613413
00:11:50 | INFO: Blender create Mesh node osm-way-1333613414
00:11:50 | INFO: Blender create Mesh node osm-way-1333613415
00:11:50 | INFO: Blender create Mesh node osm-way-1333613416
00:11:50 | INFO: Blender create Mesh node osm-way-1333613417
00:11:50 | INFO: Blender create Mesh node osm-way-1341569515
00:11:50 | INFO: Blender create Mesh node osm-way-1343630535
00:11:50 | INFO: Blender create Mesh node osm-way-1352842809
00:11:50 | INFO: Blender create Mesh node osm-way-1352843192
00:11:50 | INFO: Blender create Mesh node osm-way-1356107953
00:11:50 | INFO: Blender create Mesh node osm-way-1370139917
00:11:50 | INFO: Blender create Mesh node osm-way-1370140183
00:11:50 | INFO: Blender create Mesh node osm-way-1370140184
00:11:50 | INFO: Blender create Mesh node osm-way-1370141325
00:11:50 | INFO: Blender create Mesh node osm-way-1370922136
00:11:50 | INFO: Blender create Mesh node osm-way-1370922137
00:11:50 | INFO: Blender create Mesh node osm-way-1370922138
00:11:50 | INFO: Blender create Mesh node osm-way-1370922139
00:11:50 | INFO: Blender create Mesh node osm-way-1370922140
00:11:50 | INFO: Blender create Mesh node osm-way-1370922141
00:11:50 | INFO: Blender create Mesh node osm-way-1371845602
00:11:50 | INFO: Blender create Mesh node osm-way-1371845603
00:11:50 | INFO: Blender create Mesh node osm-way-1371845604
00:11:50 | INFO: Blender create Mesh node osm-way-1371845605
00:11:50 | INFO: Blender create Mesh node osm-way-1371845606
00:11:50 | INFO: Blender create Mesh node osm-way-1371845612
00:11:50 | INFO: Blender create Mesh node osm-way-1371845613
00:11:50 | INFO: Blender create Mesh node osm-way-1371845614
00:11:50 | INFO: Blender create Mesh node osm-way-1371845615
00:11:50 | INFO: Blender create Mesh node osm-way-1372450224
00:11:50 | INFO: Blender create Mesh node osm-way-1372698066
00:11:50 | INFO: Blender create Mesh node osm-way-1372698067
00:11:50 | INFO: Blender create Mesh node osm-way-1372698068
00:11:50 | INFO: Blender create Mesh node osm-way-1372698069
00:11:50 | INFO: Blender create Mesh node osm-way-1372698070
00:11:50 | INFO: Blender create Mesh node osm-way-1372698071
00:11:50 | INFO: Blender create Mesh node osm-way-1372698072
00:11:50 | INFO: Blender create Mesh node osm-way-1372698073
00:11:50 | INFO: Blender create Mesh node osm-way-1376436141
00:11:50 | INFO: Blender create Mesh node osm-way-1376922973
00:11:50 | INFO: Blender create Mesh node osm-way-1376922974
00:11:50 | INFO: Blender create Mesh node osm-way-1376922975
00:11:50 | INFO: Blender create Mesh node osm-way-1376922976
00:11:50 | INFO: Blender create Mesh node osm-way-1376922977
00:11:50 | INFO: Blender create Mesh node osm-way-1376922978
00:11:50 | INFO: Blender create Mesh node osm-way-1377218201
00:11:50 | INFO: Blender create Mesh node osm-way-1377218202
00:11:50 | INFO: Blender create Mesh node osm-way-1377249997
00:11:50 | INFO: Blender create Mesh node osm-way-1377249998
00:11:50 | INFO: Blender create Mesh node osm-way-1377249999
00:11:50 | INFO: Blender create Mesh node osm-way-1377250000
00:11:50 | INFO: Blender create Mesh node osm-way-1377250001
00:11:50 | INFO: Blender create Mesh node osm-way-1377250002
00:11:50 | INFO: Blender create Mesh node osm-way-1392297566
00:11:50 | INFO: Blender create Mesh node osm-way-1421720173
00:11:50 | INFO: Blender create Mesh node osm-way-1424106425
00:11:50 | INFO: Blender create Mesh node osm-way-1424106426
00:11:50 | INFO: Blender create Mesh node osm-way-1424106427
00:11:50 | INFO: Blender create Mesh node osm-way-1424106428
00:11:50 | INFO: Blender create Mesh node osm-way-1424106429
00:11:50 | INFO: Blender create Mesh node osm-way-1424106430
00:11:50 | INFO: Blender create Mesh node osm-way-1424106431
00:11:51 | INFO: Blender create Mesh node osm-way-1424106432
00:11:51 | INFO: Blender create Mesh node osm-way-1424106433
00:11:51 | INFO: Blender create Mesh node osm-way-1424106434
00:11:51 | INFO: Blender create Mesh node osm-way-1424106435
00:11:51 | INFO: Blender create Mesh node osm-way-1424106436
00:11:51 | INFO: Blender create Mesh node osm-way-1424106480
00:11:51 | INFO: Blender create Mesh node osm-way-1424106481
00:11:51 | INFO: Blender create Mesh node osm-way-1424106482
00:11:51 | INFO: Blender create Mesh node osm-way-1424106483
00:11:51 | INFO: Blender create Mesh node osm-way-1424106484
00:11:51 | INFO: Blender create Mesh node osm-way-1424106485
00:11:51 | INFO: Blender create Mesh node osm-way-1424106486
00:11:51 | INFO: Blender create Mesh node osm-way-1424106487
00:11:51 | INFO: Blender create Mesh node osm-way-1424106488
00:11:51 | INFO: Blender create Mesh node osm-way-1424106489
00:11:51 | INFO: Blender create Mesh node osm-way-1424106490
00:11:51 | INFO: Blender create Mesh node osm-way-1424106491
00:11:51 | INFO: Blender create Mesh node osm-way-1424106492
00:11:51 | INFO: Blender create Mesh node osm-way-1424106493
00:11:51 | INFO: Blender create Mesh node osm-way-1427493020
00:11:51 | INFO: Blender create Mesh node osm-way-1427493027
00:11:51 | INFO: Blender create Mesh node osm-way-1427493028
00:11:51 | INFO: Blender create Mesh node osm-way-1427493029
00:11:51 | INFO: Blender create Mesh node osm-way-1427493039
00:11:51 | INFO: Blender create Mesh node osm-way-1427493040
00:11:51 | INFO: Blender create Mesh node osm-way-1427493063
00:11:51 | INFO: Blender create Mesh node osm-way-1427493071
00:11:51 | INFO: Blender create Mesh node osm-way-1427493072
00:11:51 | INFO: Blender create Mesh node osm-way-1427493073
00:11:51 | INFO: Blender create Mesh node osm-way-1427493074
00:11:51 | INFO: Blender create Mesh node osm-way-1427493075
00:11:51 | INFO: Blender create Mesh node osm-way-1427493076
00:11:51 | INFO: Blender create Mesh node osm-way-1427493077
00:11:51 | INFO: Blender create Mesh node osm-way-1427493078
00:11:51 | INFO: Blender create Mesh node osm-way-1427493079
00:11:51 | INFO: Blender create Mesh node osm-way-1427493080
00:11:51 | INFO: Blender create Mesh node osm-way-1427493081
00:11:51 | INFO: Blender create Mesh node osm-way-1427493082
00:11:51 | INFO: Blender create Mesh node osm-way-1427493083
00:11:51 | INFO: Blender create Mesh node osm-way-1427493084
00:11:51 | INFO: Blender create Mesh node osm-way-1427493085
00:11:51 | INFO: Blender create Mesh node osm-way-1427493086
00:11:51 | INFO: Blender create Mesh node osm-way-1427493087
00:11:51 | INFO: Blender create Mesh node osm-way-1427493088
00:11:51 | INFO: Blender create Mesh node osm-way-1427493089
00:11:51 | INFO: Blender create Mesh node osm-way-1427493090
00:11:51 | INFO: Blender create Mesh node osm-way-1427493091
00:11:51 | INFO: Blender create Mesh node osm-way-1427493092
00:11:51 | INFO: Blender create Mesh node osm-way-1427493093
00:11:51 | INFO: Blender create Mesh node osm-way-1427493094
00:11:51 | INFO: Blender create Mesh node osm-way-1427493095
00:11:51 | INFO: Blender create Mesh node osm-way-1427493096
00:11:51 | INFO: Blender create Mesh node osm-way-1427493097
00:11:51 | INFO: Blender create Mesh node osm-way-1427493098
00:11:51 | INFO: Blender create Mesh node osm-way-1427493101
00:11:51 | INFO: Blender create Mesh node osm-way-1427493102
00:11:51 | INFO: Blender create Mesh node osm-way-1427493103
00:11:51 | INFO: Blender create Mesh node osm-way-1427493104
00:11:51 | INFO: Blender create Mesh node osm-way-1427493105
00:11:51 | INFO: Blender create Mesh node osm-way-1427493108
00:11:51 | INFO: Blender create Mesh node osm-way-1427522169
00:11:51 | INFO: Blender create Mesh node osm-way-1427522171
00:11:51 | INFO: Blender create Mesh node osm-way-1427522172
00:11:51 | INFO: Blender create Mesh node osm-way-1427522173
00:11:51 | INFO: Blender create Mesh node osm-way-1427522174
00:11:51 | INFO: Blender create Mesh node osm-way-1427522176
00:11:51 | INFO: Blender create Mesh node osm-way-1427522185
00:11:51 | INFO: Blender create Mesh node osm-way-1427522186
00:11:51 | INFO: Blender create Mesh node osm-way-1427522187
00:11:51 | INFO: Blender create Mesh node osm-way-1427522188
00:11:51 | INFO: Blender create Mesh node osm-way-1427522192
00:11:51 | INFO: Blender create Mesh node osm-way-1427522196
00:11:51 | INFO: Blender create Mesh node osm-way-1427522197
00:11:51 | INFO: Blender create Mesh node osm-way-1427522198
00:11:51 | INFO: Blender create Mesh node osm-way-1427522211
00:11:51 | INFO: Blender create Mesh node osm-way-1427522212
00:11:51 | INFO: Blender create Mesh node osm-way-1427522223
00:11:51 | INFO: Blender create Mesh node osm-way-1427522224
00:11:51 | INFO: Blender create Mesh node osm-way-1427522225
00:11:51 | INFO: Blender create Mesh node osm-way-1427522226
00:11:51 | INFO: Blender create Mesh node osm-way-1427522227
00:11:51 | INFO: Blender create Mesh node osm-way-1427522228
00:11:51 | INFO: Blender create Mesh node osm-way-1427522233
00:11:51 | INFO: Blender create Mesh node osm-way-1427522234
00:11:51 | INFO: Blender create Mesh node osm-way-1427522235
00:11:51 | INFO: Blender create Mesh node osm-way-1427522236
00:11:51 | INFO: Blender create Mesh node osm-way-1427522237
00:11:51 | INFO: Blender create Mesh node osm-way-1427522238
00:11:51 | INFO: Blender create Mesh node osm-way-1427522239
00:11:51 | INFO: Blender create Mesh node osm-way-1427522240
00:11:51 | INFO: Blender create Mesh node osm-way-1427522241
00:11:51 | INFO: Blender create Mesh node osm-way-1427522242
00:11:51 | INFO: Blender create Mesh node osm-way-1427522243
00:11:51 | INFO: Blender create Mesh node osm-way-1427522244
00:11:51 | INFO: Blender create Mesh node osm-way-1427522245
00:11:51 | INFO: Blender create Mesh node osm-way-1427522246
00:11:51 | INFO: Blender create Mesh node osm-way-1427522247
00:11:51 | INFO: Blender create Mesh node osm-way-1427522248
00:11:51 | INFO: Blender create Mesh node osm-way-1427522249
00:11:51 | INFO: Blender create Mesh node osm-way-1427522250
00:11:51 | INFO: Blender create Mesh node osm-way-1427522278
00:11:51 | INFO: Blender create Mesh node osm-way-1427522279
00:11:51 | INFO: Blender create Mesh node osm-way-1427522280
00:11:51 | INFO: Blender create Mesh node osm-way-1427522281
00:11:51 | INFO: Blender create Mesh node osm-way-1427522282
00:11:51 | INFO: Blender create Mesh node osm-way-1427522283
00:11:51 | INFO: Blender create Mesh node osm-way-1427522284
00:11:51 | INFO: Blender create Mesh node osm-way-1427522285
00:11:51 | INFO: Blender create Mesh node osm-way-1427522286
00:11:51 | INFO: Blender create Mesh node osm-way-1427522287
00:11:51 | INFO: Blender create Mesh node osm-way-1427522288
00:11:51 | INFO: Blender create Mesh node osm-way-1427522289
00:11:51 | INFO: Blender create Mesh node osm-way-1427522290
00:11:51 | INFO: Blender create Mesh node osm-way-1427522291
00:11:51 | INFO: Blender create Mesh node osm-way-1427522292
00:11:51 | INFO: Blender create Mesh node osm-way-1427522293
00:11:51 | INFO: Blender create Mesh node osm-way-1427522294
00:11:51 | INFO: Blender create Mesh node osm-way-1427522295
00:11:51 | INFO: Blender create Mesh node osm-way-1427522296
00:11:51 | INFO: Blender create Mesh node osm-way-1427522297
00:11:51 | INFO: Blender create Mesh node osm-way-1427522298
00:11:51 | INFO: Blender create Mesh node osm-way-1427522299
00:11:51 | INFO: Blender create Mesh node osm-way-1427522300
00:11:51 | INFO: Blender create Mesh node osm-way-1427522301
00:11:51 | INFO: Blender create Mesh node osm-way-1427522302
00:11:51 | INFO: Blender create Mesh node osm-way-1427522303
00:11:51 | INFO: Blender create Mesh node osm-way-1427522304
00:11:51 | INFO: Blender create Mesh node osm-way-1427522305
00:11:51 | INFO: Blender create Mesh node osm-way-1427522306
00:11:51 | INFO: Blender create Mesh node osm-way-1427522307
00:11:51 | INFO: Blender create Mesh node osm-way-1427522308
00:11:51 | INFO: Blender create Mesh node osm-way-1427522311
00:11:51 | INFO: Blender create Mesh node osm-way-1427522312
00:11:51 | INFO: Blender create Mesh node osm-way-1427522314
00:11:51 | INFO: Blender create Mesh node osm-way-1427522323
00:11:51 | INFO: Blender create Mesh node osm-way-1427522324
00:11:51 | INFO: Blender create Mesh node osm-way-1427522325
00:11:51 | INFO: Blender create Mesh node osm-way-1427522326
00:11:51 | INFO: Blender create Mesh node osm-way-1427522327
00:11:51 | INFO: Blender create Mesh node osm-way-1427522328
00:11:51 | INFO: Blender create Mesh node osm-way-1427522331
00:11:51 | INFO: Blender create Mesh node osm-way-1427539583
00:11:51 | INFO: Blender create Mesh node osm-way-1427539584
00:11:51 | INFO: Blender create Mesh node osm-way-1427539585
00:11:51 | INFO: Blender create Mesh node osm-way-1427539586
00:11:51 | INFO: Blender create Mesh node osm-way-1427893938
00:11:51 | INFO: Blender create Mesh node osm-way-1427893949
00:11:51 | INFO: Blender create Mesh node osm-way-1427893950
00:11:51 | INFO: Blender create Mesh node osm-way-1427893951
00:11:51 | INFO: Blender create Mesh node osm-way-1427893952
00:11:51 | INFO: Blender create Mesh node osm-way-1427893953
00:11:51 | INFO: Blender create Mesh node osm-way-1427893954
00:11:51 | INFO: Blender create Mesh node osm-way-1427893957
00:11:51 | INFO: Blender create Mesh node osm-way-1427893958
00:11:51 | INFO: Blender create Mesh node osm-way-1427893961
00:11:51 | INFO: Blender create Mesh node osm-way-1427893962
00:11:51 | INFO: Blender create Mesh node osm-way-1427893963
00:11:51 | INFO: Blender create Mesh node osm-way-1427893964
00:11:51 | INFO: Blender create Mesh node osm-way-1427893970
00:11:51 | INFO: Blender create Mesh node osm-way-1427893971
00:11:51 | INFO: Blender create Mesh node osm-way-1427893973
00:11:51 | INFO: Blender create Mesh node osm-way-1427893974
00:11:51 | INFO: Blender create Mesh node osm-way-1427893979
00:11:51 | INFO: Blender create Mesh node osm-way-1427893980
00:11:51 | INFO: Blender create Mesh node osm-way-1427893981
00:11:51 | INFO: Blender create Mesh node osm-way-1427893982
00:11:51 | INFO: Blender create Mesh node osm-way-1427893983
00:11:51 | INFO: Blender create Mesh node osm-way-1427893984
00:11:51 | INFO: Blender create Mesh node osm-way-1427893986
00:11:51 | INFO: Blender create Mesh node osm-way-1427893987
00:11:51 | INFO: Blender create Mesh node osm-way-1427893988
00:11:51 | INFO: Blender create Mesh node osm-way-1427894011
00:11:51 | INFO: Blender create Mesh node osm-way-1427894012
00:11:51 | INFO: Blender create Mesh node osm-way-1427894016
00:11:51 | INFO: Blender create Mesh node osm-way-1427894017
00:11:51 | INFO: Blender create Mesh node osm-way-1427894018
00:11:51 | INFO: Blender create Mesh node osm-way-1427894021
00:11:51 | INFO: Blender create Mesh node osm-way-1427894022
00:11:51 | INFO: Blender create Mesh node osm-way-1427894023
00:11:51 | INFO: Blender create Mesh node osm-way-1427894024
00:11:51 | INFO: Blender create Mesh node osm-way-1427894029
00:11:51 | INFO: Blender create Mesh node osm-way-1427894030
00:11:51 | INFO: Blender create Mesh node osm-way-1427894031
00:11:51 | INFO: Blender create Mesh node osm-way-1427894032
00:11:51 | INFO: Blender create Mesh node osm-way-1427894033
00:11:51 | INFO: Blender create Mesh node osm-way-1427894034
00:11:51 | INFO: Blender create Mesh node osm-way-1427894035
00:11:51 | INFO: Blender create Mesh node osm-way-1427894036
00:11:51 | INFO: Blender create Mesh node osm-way-1427894037
00:11:51 | INFO: Blender create Mesh node osm-way-1427894038
00:11:51 | INFO: Blender create Mesh node osm-way-1427894039
00:11:51 | INFO: Blender create Mesh node osm-way-1427894040
00:11:51 | INFO: Blender create Mesh node osm-way-1427894041
00:11:51 | INFO: Blender create Mesh node osm-way-1427894042
00:11:51 | INFO: Blender create Mesh node osm-way-1427894043
00:11:51 | INFO: Blender create Mesh node osm-way-1427894048
00:11:51 | INFO: Blender create Mesh node osm-way-1427894049
00:11:51 | INFO: Blender create Mesh node osm-way-1427894050
00:11:51 | INFO: Blender create Mesh node osm-way-1427894051
00:11:51 | INFO: Blender create Mesh node osm-way-1427894052
00:11:52 | INFO: Blender create Mesh node osm-way-1427894053
00:11:52 | INFO: Blender create Mesh node osm-way-1427894054
00:11:52 | INFO: Blender create Mesh node osm-way-1427894055
00:11:52 | INFO: Blender create Mesh node osm-way-1427894056
00:11:52 | INFO: Blender create Mesh node osm-way-1427894057
00:11:52 | INFO: Blender create Mesh node osm-way-1427894058
00:11:52 | INFO: Blender create Mesh node osm-way-1427894060
00:11:52 | INFO: Blender create Mesh node osm-way-1427894062
00:11:52 | INFO: Blender create Mesh node osm-way-1427894064
00:11:52 | INFO: Blender create Mesh node osm-way-1427894065
00:11:52 | INFO: Blender create Mesh node osm-way-1427894068
00:11:52 | INFO: Blender create Mesh node osm-way-1427894070
00:11:52 | INFO: Blender create Mesh node osm-way-1427894071
00:11:52 | INFO: Blender create Mesh node osm-way-1427894072
00:11:52 | INFO: Blender create Mesh node osm-way-1427894078
00:11:52 | INFO: Blender create Mesh node osm-way-1428265789
00:11:52 | INFO: Blender create Mesh node osm-way-1428265790
00:11:52 | INFO: Blender create Mesh node osm-way-1428265791
00:11:52 | INFO: Blender create Mesh node osm-way-1428265792
00:11:52 | INFO: Blender create Mesh node osm-way-1428265793
00:11:52 | INFO: Blender create Mesh node osm-way-1428265794
00:11:52 | INFO: Blender create Mesh node osm-way-1428265795
00:11:52 | INFO: Blender create Mesh node osm-way-1428265796
00:11:52 | INFO: Blender create Mesh node osm-way-1428265797
00:11:52 | INFO: Blender create Mesh node osm-way-1428265798
00:11:52 | INFO: Blender create Mesh node osm-way-1428265799
00:11:52 | INFO: Blender create Mesh node osm-way-1429697212
00:11:52 | INFO: Blender create Mesh node osm-way-1429697213
00:11:52 | INFO: Blender create Mesh node osm-way-1429697214
00:11:52 | INFO: Blender create Mesh node osm-way-1429697215
00:11:52 | INFO: Blender create Mesh node osm-way-1429697216
00:11:52 | INFO: Blender create Mesh node osm-way-1429697217
00:11:52 | INFO: Blender create Mesh node osm-way-1429697218
00:11:52 | INFO: Blender create Mesh node osm-way-1429697219
00:11:52 | INFO: Blender create Mesh node osm-way-1429697220
00:11:52 | INFO: Blender create Mesh node osm-way-1429697221
00:11:52 | INFO: Blender create Mesh node osm-way-1429697222
00:11:52 | INFO: Blender create Mesh node osm-way-1429697223
00:11:52 | INFO: Blender create Mesh node osm-way-1429697224
00:11:52 | INFO: Blender create Mesh node osm-way-1429697225
00:11:52 | INFO: Blender create Mesh node osm-way-1429697226
00:11:52 | INFO: Blender create Mesh node osm-way-1429697227
00:11:52 | INFO: Blender create Mesh node osm-way-1429697228
00:11:52 | INFO: Blender create Mesh node osm-way-1429697229
00:11:52 | INFO: Blender create Mesh node osm-way-1429697230
00:11:52 | INFO: Blender create Mesh node osm-way-1429697231
00:11:52 | INFO: Blender create Mesh node osm-way-1429697232
00:11:52 | INFO: Blender create Mesh node osm-way-1429697233
00:11:52 | INFO: Blender create Mesh node osm-way-1429697234
00:11:52 | INFO: Blender create Mesh node osm-way-1429697235
00:11:52 | INFO: Blender create Mesh node osm-way-1429697236
00:11:52 | INFO: Blender create Mesh node osm-way-1429697239
00:11:52 | INFO: Blender create Mesh node osm-way-1429697247
00:11:52 | INFO: Blender create Mesh node osm-way-1429697251
00:11:52 | INFO: Blender create Mesh node osm-way-1429697252
00:11:52 | INFO: Blender create Mesh node osm-way-1429697253
00:11:52 | INFO: Blender create Mesh node osm-way-1429697254
00:11:52 | INFO: Blender create Mesh node osm-way-1429697255
00:11:52 | INFO: Blender create Mesh node osm-way-1429697257
00:11:52 | INFO: Blender create Mesh node osm-way-1429697262
00:11:52 | INFO: Blender create Mesh node osm-way-1429697263
00:11:52 | INFO: Blender create Mesh node osm-way-1429697275
00:11:52 | INFO: Blender create Mesh node osm-way-1429697276
00:11:52 | INFO: Blender create Mesh node osm-way-1429697277
00:11:52 | INFO: Blender create Mesh node osm-way-1429697278
00:11:52 | INFO: Blender create Mesh node osm-way-1429697279
00:11:52 | INFO: Blender create Mesh node osm-way-1429697280
00:11:52 | INFO: Blender create Mesh node osm-way-1429697281
00:11:52 | INFO: Blender create Mesh node osm-way-1429697282
00:11:52 | INFO: Blender create Mesh node osm-way-1429697283
00:11:52 | INFO: Blender create Mesh node osm-way-1429697284
00:11:52 | INFO: Blender create Mesh node osm-way-1429697285
00:11:52 | INFO: Blender create Mesh node osm-way-1429697286
00:11:52 | INFO: Blender create Mesh node osm-way-1429697287
00:11:52 | INFO: Blender create Mesh node osm-way-1429697288
00:11:52 | INFO: Blender create Mesh node osm-way-1429697289
00:11:52 | INFO: Blender create Mesh node osm-way-1429697290
00:11:52 | INFO: Blender create Mesh node osm-way-1429697291
00:11:52 | INFO: Blender create Mesh node osm-way-1429697292
00:11:52 | INFO: Blender create Mesh node osm-way-1429697293
00:11:52 | INFO: Blender create Mesh node osm-way-1429697307
00:11:52 | INFO: Blender create Mesh node osm-way-1429697308
00:11:52 | INFO: Blender create Mesh node osm-way-1429697309
00:11:52 | INFO: Blender create Mesh node osm-way-1429697310
00:11:52 | INFO: Blender create Mesh node osm-way-1429697311
00:11:52 | INFO: Blender create Mesh node osm-way-1429697312
00:11:52 | INFO: Blender create Mesh node osm-way-1429697317
00:11:52 | INFO: Blender create Mesh node osm-way-1429697322
00:11:52 | INFO: Blender create Mesh node osm-way-1429697323
00:11:52 | INFO: Blender create Mesh node osm-way-1429697324
00:11:52 | INFO: Blender create Mesh node osm-way-1429697339
00:11:52 | INFO: Blender create Mesh node osm-way-1429697340
00:11:52 | INFO: Blender create Mesh node osm-way-1429697344
00:11:52 | INFO: Blender create Mesh node osm-way-1429697354
00:11:52 | INFO: Blender create Mesh node osm-way-1429697369
00:11:52 | INFO: Blender create Mesh node osm-way-1429697370
00:11:52 | INFO: Blender create Mesh node osm-way-1429697371
00:11:52 | INFO: Blender create Mesh node osm-way-1429697372
00:11:52 | INFO: Blender create Mesh node osm-way-1429697373
00:11:52 | INFO: Blender create Mesh node osm-way-1429697394
00:11:52 | INFO: Blender create Mesh node osm-way-1429734788
00:11:52 | INFO: Blender create Mesh node osm-way-1429734789
00:11:52 | INFO: Blender create Mesh node osm-way-1429734790
00:11:52 | INFO: Blender create Mesh node osm-way-1429734791
00:11:52 | INFO: Blender create Mesh node osm-way-1429734794
00:11:52 | INFO: Blender create Mesh node osm-way-1429734795
00:11:52 | INFO: Blender create Mesh node osm-way-1429734797
00:11:52 | INFO: Blender create Mesh node osm-way-1429734800
00:11:52 | INFO: Blender create Mesh node osm-way-1429734806
00:11:52 | INFO: Blender create Mesh node osm-way-1429734807
00:11:52 | INFO: Blender create Mesh node osm-way-1429734809
00:11:52 | INFO: Blender create Mesh node osm-way-1429734812
00:11:52 | INFO: Blender create Mesh node osm-way-1429734814
00:11:52 | INFO: Blender create Mesh node osm-way-1429734815
00:11:52 | INFO: Blender create Mesh node osm-way-1429734816
00:11:52 | INFO: Blender create Mesh node osm-way-1429734817
00:11:52 | INFO: Blender create Mesh node osm-way-1429734818
00:11:52 | INFO: Blender create Mesh node osm-way-1429734822
00:11:52 | INFO: Blender create Mesh node osm-way-1429734826
00:11:52 | INFO: Blender create Mesh node osm-way-1429734841
00:11:52 | INFO: Blender create Mesh node osm-way-1429734884
00:11:52 | INFO: Blender create Mesh node osm-way-1429734885
00:11:52 | INFO: Blender create Mesh node osm-way-1429734894
00:11:52 | INFO: Blender create Mesh node osm-way-1429734895
00:11:52 | INFO: Blender create Mesh node osm-way-1429734896
00:11:52 | INFO: Blender create Mesh node osm-way-1429734897
00:11:52 | INFO: Blender create Mesh node osm-way-1429734898
00:11:52 | INFO: Blender create Mesh node osm-way-1429734899
00:11:52 | INFO: Blender create Mesh node osm-way-1429734900
00:11:52 | INFO: Blender create Mesh node osm-way-1429734901
00:11:52 | INFO: Blender create Mesh node osm-way-1429734902
00:11:52 | INFO: Blender create Mesh node osm-way-1429734903
00:11:52 | INFO: Blender create Mesh node osm-way-1429734904
00:11:52 | INFO: Blender create Mesh node osm-way-1429734905
00:11:52 | INFO: Blender create Mesh node osm-way-1429734906
00:11:52 | INFO: Blender create Mesh node osm-way-1429734907
00:11:52 | INFO: Blender create Mesh node osm-way-1429734908
00:11:52 | INFO: Blender create Mesh node osm-way-1429734909
00:11:52 | INFO: Blender create Mesh node osm-way-1429734910
00:11:52 | INFO: Blender create Mesh node osm-way-1429734911
00:11:52 | INFO: Blender create Mesh node osm-way-1429734912
00:11:52 | INFO: Blender create Mesh node osm-way-1429734913
00:11:52 | INFO: Blender create Mesh node osm-way-1429734914
00:11:52 | INFO: Blender create Mesh node osm-way-1429734915
00:11:52 | INFO: Blender create Mesh node osm-way-1429734916
00:11:52 | INFO: Blender create Mesh node osm-way-1429734924
00:11:52 | INFO: Blender create Mesh node osm-way-1429734925
00:11:52 | INFO: Blender create Mesh node osm-way-1429734926
00:11:52 | INFO: Blender create Mesh node osm-way-1429734927
00:11:52 | INFO: Blender create Mesh node osm-way-1429734928
00:11:52 | INFO: Blender create Mesh node osm-way-1429734929
00:11:52 | INFO: Blender create Mesh node osm-way-1429734930
00:11:52 | INFO: Blender create Mesh node osm-way-1429734931
00:11:52 | INFO: Blender create Mesh node osm-way-1429734932
00:11:52 | INFO: Blender create Mesh node osm-way-1429734933
00:11:52 | INFO: Blender create Mesh node osm-way-1429734940
00:11:52 | INFO: Blender create Mesh node osm-way-1429734941
00:11:52 | INFO: Blender create Mesh node osm-way-1429734942
00:11:52 | INFO: Blender create Mesh node osm-way-1429734943
00:11:52 | INFO: Blender create Mesh node osm-way-1429734944
00:11:52 | INFO: Blender create Mesh node osm-way-1429734945
00:11:52 | INFO: Blender create Mesh node osm-way-1429734946
00:11:52 | INFO: Blender create Mesh node osm-way-1429734948
00:11:52 | INFO: Blender create Mesh node osm-way-1429734949
00:11:52 | INFO: Blender create Mesh node osm-way-1429734960
00:11:52 | INFO: Blender create Mesh node osm-way-1429734962
00:11:52 | INFO: Blender create Mesh node osm-way-1429734963
00:11:52 | INFO: Blender create Mesh node osm-way-1429734964
00:11:52 | INFO: Blender create Mesh node osm-way-1429734965
00:11:52 | INFO: Blender create Mesh node osm-way-1429734983
00:11:52 | INFO: Blender create Mesh node osm-way-1429734984
00:11:52 | INFO: Blender create Mesh node osm-way-1429734985
00:11:52 | INFO: Blender create Mesh node osm-way-1429734986
00:11:52 | INFO: Blender create Mesh node osm-way-1429735025
00:11:52 | INFO: Blender create Mesh node osm-way-1429735027
00:11:52 | INFO: Blender create Mesh node osm-way-1429735028
00:11:53 | INFO: Blender create Mesh node osm-way-1429905531
00:11:53 | INFO: Blender create Mesh node osm-way-1429905532
00:11:53 | INFO: Blender create Mesh node osm-way-1429905533
00:11:53 | INFO: Blender create Mesh node osm-way-1429905534
00:11:53 | INFO: Blender create Mesh node osm-way-1429905535
00:11:53 | INFO: Blender create Mesh node osm-way-1429905536
00:11:53 | INFO: Blender create Mesh node osm-way-1429905537
00:11:53 | INFO: Blender create Mesh node osm-way-1429905538
00:11:53 | INFO: Blender create Mesh node osm-way-1429905568
00:11:53 | INFO: Blender create Mesh node osm-way-1429905569
00:11:53 | INFO: Blender create Mesh node osm-way-1455832162
00:11:53 | INFO: Blender create Mesh node osm-way-1460171664
00:11:53 | INFO: Blender create Mesh node osm-way-1460171665
00:11:53 | INFO: Blender create Mesh node osm-way-1467932125
00:11:53 | INFO: Blender create Mesh node osm-way-1467947085
00:11:53 | INFO: Blender create Mesh node osm-way-1467947086
00:11:53 | INFO: Blender create Mesh node osm-way-1486422270
00:11:53 | INFO: Blender create Mesh node osm-way-1486422271
00:11:53 | INFO: Blender create Mesh node osm-way-1486422272
00:11:53 | INFO: Blender create Mesh node osm-way-1486422273
00:11:53 | INFO: Blender create Mesh node osm-way-1486422274
00:11:53 | INFO: Blender create Mesh node osm-way-1518555763
00:11:53 | INFO: Blender create Mesh node osm-way-1532962637
00:11:53 | INFO: Blender create Mesh node osm-way-1532962638
00:11:53 | INFO: Blender create Mesh node osm-way-1532962641
00:11:53 | INFO: Blender create Mesh node osm-way-1532962642
00:11:53 | INFO: Blender create Mesh node osm-way-1533181378
00:11:53 | INFO: glTF import finished in 9.77s
00:11:54 | INFO: Data are loaded, start creating Blender stuff
00:11:54 | INFO: Blender create Mesh node astor-house
00:11:54 | INFO: Blender create Mesh node british-consulate
00:11:54 | INFO: Blender create Mesh node broadway-mansions
00:11:54 | INFO: Blender create Mesh node capitol-building
00:11:54 | INFO: Blender create Mesh node lyceum-building
00:11:54 | INFO: Blender create Mesh node peninsula-hotel
00:11:55 | INFO: Blender create Mesh node postal-museum
00:11:55 | INFO: Blender create Mesh node rockbund-museum
00:11:55 | INFO: Blender create Mesh node russian-consulate
00:11:55 | INFO: Blender create Mesh node union-church
00:11:55 | INFO: Blender create Mesh node white-magnolia
00:11:55 | INFO: Blender create Mesh node yifeng-building
00:11:55 | INFO: glTF import finished in 1.18s
00:11:56 | INFO: Data are loaded, start creating Blender stuff
00:11:56 | INFO: Blender create Mesh node taiping-finance
00:11:56 | INFO: glTF import finished in 0.02s
00:11:56 | INFO: Data are loaded, start creating Blender stuff
00:11:56 | INFO: Blender create Mesh node traffic-light
00:11:56 | INFO: glTF import finished in 0.00s
00:11:56 | INFO: Data are loaded, start creating Blender stuff
00:11:56 | INFO: Blender create Mesh node union-building
00:11:56 | INFO: glTF import finished in 0.13s
00:11:56 | INFO: Data are loaded, start creating Blender stuff
00:11:56 | INFO: Blender create Mesh node union-church
00:11:56 | INFO: glTF import finished in 0.04s
00:11:56 | INFO: Data are loaded, start creating Blender stuff
00:11:56 | INFO: Blender create Mesh node wayfinding-sign
00:11:56 | INFO: glTF import finished in 0.00s
00:11:56 | INFO: Data are loaded, start creating Blender stuff
00:11:56 | INFO: Blender create Mesh node westin-bund
00:11:56 | INFO: glTF import finished in 0.02s
00:11:56 | INFO: Data are loaded, start creating Blender stuff
00:11:56 | INFO: Blender create Mesh node white-magnolia
00:11:56 | INFO: glTF import finished in 0.02s
00:11:56 | INFO: Data are loaded, start creating Blender stuff
00:11:56 | INFO: Blender create Mesh node wooden-bench
00:11:56 | INFO: glTF import finished in 0.00s
00:11:57 | INFO: Data are loaded, start creating Blender stuff
00:11:57 | INFO: Blender create Mesh node world-financial-center
00:11:57 | INFO: glTF import finished in 0.01s
00:11:57 | INFO: Data are loaded, start creating Blender stuff
00:11:57 | INFO: Blender create Mesh node yangtze-insurance
00:11:57 | INFO: glTF import finished in 0.13s
00:11:57 | INFO: Data are loaded, start creating Blender stuff
00:11:57 | INFO: Blender create Mesh node yifeng-building
00:11:57 | INFO: glTF import finished in 0.09s
00:11:57 | INFO: Data are loaded, start creating Blender stuff
00:11:57 | INFO: Blender create Mesh node yokohama-specie-bank
00:11:57 | INFO: glTF import finished in 0.13s
01:05.453  blend            | Read blend: "F:\playground\playground-ai\small-games\assets\bund\source\bund-environment.blend"
01:06.063  blend            | Read blend: "F:\playground\playground-ai\small-games\assets\bund\source\bund-asset-library.blend"
01:06.516  blend            | Read blend: "F:\playground\playground-ai\small-games\assets\bund\source\bund-night.blend"
BUND_VERIFY_OK 93 GLBs, 3 blend sources, 6 renders; 67 landmarks; >2000 context buildings
Blender 5.2.1 LTS (hash 9e2066aef7ef built 2026-08-25 02:38:20)

Blender quit
